stereotype,total_correlation,rank
category,2.0717492262960473,9
collective,1.9254511288657858,12
datatype,1.1186816769066872,14
event,2.3515723677879836,4
kind,2.9023706799910487,1
mixin,0.993483001280886,15
mode,2.353816857448364,3
phase,2.0155156510379797,11
quality,2.0328996977342726,10
relator,2.078990494862511,8
role,2.2099159119855383,7
roleMixin,1.8410340582224567,13
situation,2.3897543991098917,2
subkind,2.293549716497898,5
type,2.2710049474665324,6
