stereotype,geometric_mean_correlation,rank
category,2.2301793578639115,6
collective,2.010591386842243,12
datatype,1.0152687078492086,14
event,2.2532502061561592,5
kind,3.123378058063829,1
mode,2.1719950817935993,11
phase,2.1737110321384945,10
quality,2.226363579593269,8
relator,2.2273867274095003,7
role,2.4175441063828433,4
roleMixin,1.739657504961092,13
situation,2.4305191258502963,3
subkind,2.540612745252615,2
type,2.191188735010355,9
