stereotype,total_correlation_occurrence_wise,rank_total_correlation_occurrence_wise
category,2.559919980479203,5
collective,2.1384522574113265,12
datatype,1.0577296235471803,14
event,2.3851052122218093,8
kind,3.370374057480891,1
mode,2.2976043702729525,10
phase,2.3391165165945687,9
quality,2.416440759540309,7
relator,2.6490360537821043,4
role,2.7126754427238358,3
roleMixin,1.8492294388732495,13
situation,2.4645631508181025,6
subkind,2.9003951691152396,2
type,2.2391598212783053,11
