stereotype,total_correlation,rank
characterization,0.8074615252993049,5
componentOf,0.8266363248717005,4
derivation,1.7777779809514236,2
material,2.0253619993058503,1
mediation,1.1489727955444375,3
memberOf,0.4710389761863852,7
subCollectionOf,0.7322567599187586,6
