stereotype,total_correlation,rank
characterization,1.0549920681570195,4
componentOf,0.8091347782996954,5
derivation,1.8158573272408542,2
material,2.128740910701226,1
mediation,1.3517814058271869,3
memberOf,0.6651565533474013,7
subCollectionOf,0.6877413146391247,6
