stereotype,geometric_mean_correlation,rank
characterization,0.860441530949961,5
componentOf,0.9169594099094526,4
derivation,1.7824240903043178,2
material,2.040129758985885,1
mediation,1.217323476162869,3
memberOf,0.4886350874475654,7
subCollectionOf,0.7247483252430844,6
