stereotype,total_correlation_model_wise,rank_total_correlation_model_wise
characterization,1.1412991815319447,4
componentOf,0.9331664963499215,5
derivation,1.8373620048759594,2
material,2.1752033336975614,1
mediation,1.4821715265708608,3
memberOf,0.7756363147126237,6
subCollectionOf,0.6849033801410671,7
