stereotype,total_correlation,rank
characterization,2.4362301955235712,6
componentOf,1.558961924142459,12
creation,2.3460707354633286,7
derivation,1.8321173716019703,10
externalDependence,2.756081328647125,5
historicalDependence,2.893426806852453,4
instantiation,3.5771281060641744,1
manifestation,3.4479904950116715,2
material,2.240207035645915,8
mediation,1.9493817440957733,9
memberOf,1.7062589005590731,11
participation,3.1630455063232326,3
