stereotype,total_correlation,rank
characterization,2.1940538298803354,4
componentOf,1.5720418132217349,10
creation,1.9748389399841106,6
derivation,1.6451433485371318,9
externalDependence,2.355183463686047,3
instantiation,2.8086016135927427,1
material,2.137706854739528,5
mediation,1.9693185411041252,7
memberOf,1.6749566418623345,8
participation,2.6322634437935752,2
