Percentage,Coverage
Top 10% Coverage,0.33842156544332574
Top 20% Coverage,0.5112049366677492
Top 30% Coverage,0.6482624228645664
Top 40% Coverage,0.7996102630724261
Top 50% Coverage,0.8801558947710295
Top 60% Coverage,0.9223773952582007
Top 70% Coverage,0.9655732380643066
Top 80% Coverage,0.983760961351088
Top 90% Coverage,0.9948035076323481
Top 100% Coverage,1.0
