stereotype,total_correlation_occurrence_wise,rank_total_correlation_occurrence_wise
category,2.2435642605001225,6
collective,1.8762563042255085,10
event,1.4829111843925835,12
kind,2.973875325206883,1
mode,2.5185875751334463,3
phase,2.0895555501259584,7
quality,1.5424263624812387,11
relator,2.255434218790994,4
role,2.2535872083945625,5
roleMixin,1.9172030780166374,9
subkind,2.7004939390809737,2
type,2.048008057692271,8
