stereotype,total_correlation,rank
category,2.116114880842034,5
collective,1.9910994080256033,9
datatype,1.3685296746729296,15
event,2.12201501623084,4
kind,2.5009379376770378,2
mixin,1.6830499557804615,13
mode,2.543907085347291,1
phase,2.1000201526441082,6
quality,1.829876198070107,12
relator,1.6165256461215778,14
role,2.0192287278400842,8
roleMixin,1.8847107425744531,11
situation,2.2119847683055163,3
subkind,2.057163547105392,7
type,1.9840501909053003,10
