stereotype,total_correlation,rank
category,2.1789079186073157,4
collective,1.93282508692528,8
event,1.773910877416823,11
kind,2.727173926014168,1
mode,2.5312156718560406,2
phase,2.094781316828527,6
quality,1.6800146689777067,12
relator,1.9094416089045059,9
role,2.1331919819564384,5
roleMixin,1.9008874866321688,10
subkind,2.3569806300978438,3
type,2.0157754780331922,7
