stereotype,total_correlation,rank
characterization,2.8581056239628317,3
componentOf,2.0639569820696733,10
creation,2.66302476061504,5
derivation,2.2901304233012096,9
externalDependence,2.689636539966385,4
instantiation,2.8890155518518195,2
material,2.536059846007524,7
mediation,2.5879204176543276,6
memberOf,2.4425916146901696,8
participation,3.115279669013919,1
none,1.061276624203474,12
other,1.4569743984127934,11
