stereotype,geometric_mean_correlation,rank
characterization,2.24088679488651,4
componentOf,1.9067681226592268,6
derivation,2.0767768809284792,5
externalDependence,1.8117143262166913,7
material,2.4039845859910796,3
mediation,2.5828785085229615,1
memberOf,2.4961332027380383,2
participation,1.6833615019696149,8
none,0.8825235768616314,10
other,1.3924857410222735,9
