stereotype,total_correlation,rank
characterization,1.9490710456416496,5
componentOf,1.9884407195694798,4
derivation,1.9409927110203218,6
externalDependence,1.352777246460584,7
material,2.449805865825085,3
mediation,2.7074450986325305,1
memberOf,2.455957932024353,2
participation,1.0322307745924775,9
none,0.852464635406563,10
other,1.3307179151713022,8
