Percentage,Top k Stereotypes (Occurrence-wise),Coverage (Occurrence-wise),Top k Stereotypes (Group-wise),Coverage (Group-wise)
10.0,2,0.6105882352941177,2,0.39945652173913043
20.0,4,0.8329411764705882,4,0.6521739130434783
30.0,6,0.9348235294117647,6,0.7989130434782609
40.0,8,0.9694117647058823,8,0.8994565217391305
50.0,10,0.9875294117647059,10,0.9619565217391305
60.0,12,0.9962352941176471,12,0.9891304347826086
70.0,14,1.0,14,1.0
80.0,16,1.0,16,1.0
90.0,18,1.0,18,1.0
100.0,20,1.0,20,1.0
