Stereotype,characterization,creation,derivation,formal,instantiation,material,mediation,participation
characterization,1.0,0.16705174823862123,0.08831049253261174,0.08691793475231986,0.28535750958535117,0.18949241369336384,0.40246518691575606,0.32627418737841973
creation,0.16705174823862123,1.0,0.045647640521334854,0.1017019449605245,0.393129706795495,0.00666879142724278,0.1684687572718269,0.6982998353839981
derivation,0.08831049253261174,0.045647640521334854,1.0,0.1932382205322446,0.14603125440538609,0.5194120567266172,0.44293235277288207,0.030692152253934506
formal,0.08691793475231986,0.1017019449605245,0.1932382205322446,1.0,0.07968821258157284,0.18127273352331927,0.1846051791239219,0.028237649782112736
instantiation,0.28535750958535117,0.393129706795495,0.14603125440538609,0.07968821258157284,1.0,0.12765766974464074,0.05309723397086866,0.47719919384483633
material,0.18949241369336384,0.00666879142724278,0.5194120567266172,0.18127273352331927,0.12765766974464074,1.0,0.39438830765788796,0.039669209931559216
mediation,0.40246518691575606,0.1684687572718269,0.44293235277288207,0.1846051791239219,0.05309723397086866,0.39438830765788796,1.0,0.11645624632052294
participation,0.32627418737841973,0.6982998353839981,0.030692152253934506,0.028237649782112736,0.47719919384483633,0.039669209931559216,0.11645624632052294,1.0
