stereotype,total_correlation,rank
characterization,1.8867180989006198,4
componentOf,1.2323421415410492,5
derivation,2.346860997650796,2
material,2.4264135047836293,1
mediation,2.346860997650796,2
