Stereotype,characterization,creation,derivation,formal,instantiation,manifestation,material,mediation,participation
characterization,1.0,0.15147010499976202,0.109910163152922,0.06352097575605492,0.27357996731759454,0.2508355686175704,0.18840579710144928,0.4164376512536661,0.31170411437786755
creation,0.15147010499976202,1.0,0.04716456457576659,-0.09691759005175643,0.3958558459601148,0.3652640096945231,-0.01547869686128955,0.1378350273247119,0.7001744218223569
derivation,0.109910163152922,0.04716456457576659,1.0,0.19355241528469094,-0.13382627350748452,-0.1774153772692793,0.5237906212756439,0.445003815832313,-0.020838502253728793
formal,0.06352097575605492,-0.09691759005175643,0.19355241528469094,1.0,0.08635688521581988,0.16438091426814253,0.18451331052949288,0.1610186482792343,-0.04078157358148292
instantiation,0.27357996731759454,0.3958558459601148,-0.13382627350748452,0.08635688521581988,1.0,0.7554794840028753,-0.13452899219336262,0.027954262312584487,0.46117202664896
manifestation,0.2508355686175704,0.3652640096945231,-0.1774153772692793,0.16438091426814253,0.7554794840028753,1.0,-0.144262943609069,-0.013390588919669065,0.48212113106711074
material,0.18840579710144928,-0.01547869686128955,0.5237906212756439,0.18451331052949288,-0.13452899219336262,-0.144262943609069,1.0,0.3658346697268262,-0.044662082060112365
mediation,0.4164376512536661,0.1378350273247119,0.445003815832313,0.1610186482792343,0.027954262312584487,-0.013390588919669065,0.3658346697268262,1.0,0.11695678607042033
participation,0.31170411437786755,0.7001744218223569,-0.020838502253728793,-0.04078157358148292,0.46117202664896,0.48212113106711074,-0.044662082060112365,0.11695678607042033,1.0
