Stereotype,characterization,componentOf,derivation,material,mediation
characterization,1.0,0.5773502691896258,0.3333333333333333,-0.5773502691896258,0.3333333333333333
componentOf,0.5773502691896258,1.0,0.5773502691896258,0.0,0.5773502691896258
derivation,0.3333333333333333,0.5773502691896258,1.0,0.5773502691896258,1.0
material,-0.5773502691896258,0.0,0.5773502691896258,1.0,0.5773502691896258
mediation,0.3333333333333333,0.5773502691896258,1.0,0.5773502691896258,1.0
