stereotype,total_correlation,rank
characterization,1.677121761610451,5
creation,1.7649479533186851,4
derivation,1.5573441436889532,6
formal,0.9451601680193988,8
instantiation,1.9269983486284799,2
material,1.5333703596081543,7
mediation,1.7839615225253955,3
participation,1.9512004852116789,1
