stereotype,total_correlation,rank
characterization,2.482244998551681,3
componentOf,2.030254775157452,10
creation,2.1497181956058418,8
derivation,2.0370625056251614,9
externalDependence,2.293467678646826,7
formal,1.5235544033252348,11
instantiation,2.379256357763921,5
material,2.4248914743136867,4
mediation,2.8235896755679466,1
memberOf,2.6822493079707384,2
participation,2.2971386139533867,6
