stereotype,total_correlation,rank
characterization,1.5928388922349357,5
creation,1.630774831332559,4
derivation,1.4685547905866532,6
formal,0.9014022222081428,8
instantiation,1.636723534510693,3
material,1.468160013099324,7
mediation,1.8893726511584887,1
participation,1.7476885520499592,2
