stereotype,total_correlation,rank
characterization,2.35021263648671,2
componentOf,1.9258454333826531,9
creation,1.9746988310821845,8
derivation,1.8464101613059163,10
externalDependence,2.017214382462524,7
instantiation,2.1948215747646214,5
material,2.2439049803275193,4
mediation,2.6096366917792633,1
memberOf,2.2740723796363853,3
participation,2.1946141417135094,6
