stereotype,total_correlation,rank
characterization,1.8213672050459184,3
componentOf,1.7320508075688772,4
derivation,2.488033871712585,1
material,1.7320508075688772,4
mediation,2.488033871712585,1
