stereotype,total_correlation,rank
characterization,2.483448176422213,3
componentOf,1.6912041002444806,11
creation,2.2438917866926222,6
derivation,1.869144525239106,10
externalDependence,2.345982471982791,5
historicalDependence,2.464659856450454,4
instantiation,2.644296755696888,1
material,2.077062244775517,9
mediation,2.2395586796453273,7
memberOf,2.202763573173184,8
participation,2.6246730218820646,2
