stereotype,total_correlation,rank
characterization,2.6484408212034727,4
componentOf,1.9628663977417253,10
creation,2.4505420885568863,7
derivation,2.1332277081467548,9
externalDependence,2.647807764285555,5
formal,1.576106744450336,11
instantiation,2.9237766932705003,1
material,2.4265234730526517,8
mediation,2.628502015360596,6
memberOf,2.675005708380411,3
participation,2.724447989271466,2
