stereotype,total_correlation,rank
characterization,1.7658643425768865,5
creation,1.9101602612902813,4
derivation,1.6515017331518291,7
formal,0.9910423129666748,9
instantiation,2.268753737158796,2
manifestation,2.3531500174482396,1
material,1.6014771133572454,8
mediation,1.6844314497194253,6
participation,2.1784106378820396,3
