stereotype,total_correlation,rank
characterization,2.8257640915822306,6
componentOf,1.8977147806904084,12
creation,2.7934622035872705,7
derivation,2.2339326565772155,11
externalDependence,3.0568932895306284,4
formal,1.6304717865539522,13
historicalDependence,2.887986567537836,5
instantiation,3.5929168053777225,1
manifestation,3.4550739046691117,2
material,2.4281565701582495,10
mediation,2.4468933657525893,9
memberOf,2.667781670631285,8
participation,3.2312446454726453,3
