stereotype,total_correlation,rank
characterization,2.415912102351276,2
componentOf,1.8047154050912992,10
creation,2.104996553027305,8
derivation,1.85774256675967,9
externalDependence,2.17539641984827,6
instantiation,2.4090993274424415,3
material,2.1588724639269548,7
mediation,2.417526525975499,1
memberOf,2.2381339997020486,5
participation,2.4000301104770143,4
