Stereotype,characterization,creation,derivation,formal,instantiation,material,mediation,participation
characterization,1.0,0.18423626622311734,0.07095561381800333,0.11893279805117608,0.2976420718050028,0.19058529726663453,0.3889615316758861,0.34152531339511555
creation,0.18423626622311734,1.0,0.044179504335668814,-0.10672248044168227,0.3904223417245781,-0.0028731604151566613,0.2059108103911209,0.6964302678012348
derivation,0.07095561381800333,0.044179504335668814,1.0,0.1929245358139527,-0.15934933181874736,0.5150700942600471,0.4408705322357261,-0.04520517830450776
formal,0.11893279805117608,-0.10672248044168227,0.1929245358139527,1.0,0.07353450982600558,0.1780890702395368,0.21164674106738413,-0.01955208676840511
instantiation,0.2976420718050028,0.3904223417245781,-0.15934933181874736,0.07353450982600558,1.0,-0.12113731307232525,0.10085461114414615,0.49378335511988763
material,0.19058529726663453,-0.0028731604151566613,0.5150700942600471,0.1780890702395368,-0.12113731307232525,1.0,0.4251705759145199,-0.03523450193110315
mediation,0.3889615316758861,0.2059108103911209,0.4408705322357261,0.21164674106738413,0.10085461114414615,0.4251705759145199,1.0,0.11595784872970538
participation,0.34152531339511555,0.6964302678012348,-0.04520517830450776,-0.01955208676840511,0.49378335511988763,-0.03523450193110315,0.11595784872970538,1.0
