Percentage,Top k Stereotypes (Occurrence-wise),Coverage (Occurrence-wise),Top k Stereotypes (Group-wise),Coverage (Group-wise)
10.0,2,0.5780684664625662,2,0.4028776978417266
20.0,4,0.8207625939326468,4,0.6906474820143885
30.0,6,0.9565822432507654,6,0.8848920863309353
40.0,8,0.9938769830225438,8,0.9712230215827338
50.0,11,0.9994433620929585,11,0.9928057553956835
60.0,13,1.0,13,1.0
70.0,15,1.0,15,1.0
80.0,17,1.0,17,1.0
90.0,19,1.0,19,1.0
100.0,22,1.0,22,1.0
