stereotype,total_correlation,rank
characterization,2.761876406220766,5
componentOf,2.5471076722236443,7
derivation,3.3377646478942493,2
formal,3.108036051757744,3
material,2.280627487099598,9
mediation,2.8910915522139082,4
memberOf,3.5040057345664257,1
subCollectionOf,2.388462741500251,8
none,1.661516967419972,10
other,2.555332142715954,6
