stereotype,total_correlation,rank
characterization,1.9808874632547226,5
derivation,2.3825508197753638,2
formal,2.2384269801991876,4
material,1.7591281023263592,6
mediation,2.542502628248947,1
none,1.1551602617876915,7
other,2.2993031057791438,3
