stereotype,total_correlation,rank
characterization,2.101060355462182,5
derivation,2.542159279097934,4
formal,2.564231620709486,3
material,2.059931821825497,6
mediation,3.0571334190452992,1
none,1.2424244182035866,7
other,2.706617432923199,2
