stereotype,total_correlation,rank
characterization,2.8020896405520452,5
componentOf,2.7685871384576326,6
derivation,3.2518017797337944,4
formal,3.2778863386954273,3
material,2.488769364659604,8
mediation,3.305869455776228,2
memberOf,3.3156136458756835,1
none,1.638949385712726,9
other,2.6005854507798416,7
