Stereotype,characterization,componentOf,derivation,material,mediation,none,other
characterization,1.0,0.0,0.0,-0.5,0.0,-0.8660254037844387,1.0
componentOf,0.0,1.0,1.0,0.8660254037844387,1.0,0.5,0.0
derivation,0.0,1.0,1.0,0.8660254037844387,1.0,0.5,0.0
material,-0.5,0.8660254037844387,0.8660254037844387,1.0,0.8660254037844387,0.8660254037844387,-0.5
mediation,0.0,1.0,1.0,0.8660254037844387,1.0,0.5,0.0
none,-0.8660254037844387,0.5,0.5,0.8660254037844387,0.5,1.0,-0.8660254037844387
other,1.0,0.0,0.0,-0.5,0.0,-0.8660254037844387,1.0
