Stereotype,characterization,componentOf,derivation,formal,material,mediation,memberOf,none,other
characterization,1.0,0.3450862023474598,0.24095724442478184,0.3447547418679478,0.07830535751870923,0.6457895968397387,0.389672239576687,0.11836713723320545,0.5720424389096523
componentOf,0.3450862023474598,1.0,0.3865264849829253,0.30109987539338084,0.35956039782783245,0.33270660662338447,0.5138713216034617,0.21648961902043,0.17320561680972268
derivation,0.24095724442478184,0.3865264849829253,1.0,0.4884563973106803,0.6479556548417859,0.4692070559346614,0.3530382664702811,0.09873664704489485,0.3655239858351365
formal,0.3447547418679478,0.30109987539338084,0.4884563973106803,1.0,0.29200945653431964,0.4893126037556879,0.5282045043596065,0.2952783027780791,0.33944662001657283
material,0.07830535751870923,0.35956039782783245,0.6479556548417859,0.29200945653431964,1.0,0.34331543976258505,0.24822848293110322,0.044821705700965456,0.3277785971111473
mediation,0.6457895968397387,0.33270660662338447,0.4692070559346614,0.4893126037556879,0.34331543976258505,1.0,0.4305326786135315,0.1819327427727823,0.3079167902281938
memberOf,0.389672239576687,0.5138713216034617,0.3530382664702811,0.5282045043596065,0.24822848293110322,0.4305326786135315,1.0,0.31161392965294893,0.2857418833720259
none,0.11836713723320545,0.21648961902043,0.09873664704489485,0.2952783027780791,0.044821705700965456,0.1819327427727823,0.31161392965294893,1.0,0.10235450549405951
other,0.5720424389096523,0.17320561680972268,0.3655239858351365,0.33944662001657283,0.3277785971111473,0.3079167902281938,0.2857418833720259,0.10235450549405951,1.0
