stereotype,total_correlation,rank
characterization,2.842888384144976,6
componentOf,3.00932497939569,5
derivation,3.1680528527830747,3
formal,3.4570187315972607,2
material,2.715907348089271,7
mediation,3.7801545406838812,1
memberOf,3.1373504159168606,4
none,1.6166883285575007,9
other,2.646640166166281,8
