Stereotype,characterization,componentOf,derivation,formal,material,mediation,memberOf,none,other
characterization,1.0,0.39048771140471733,0.22333199180194732,0.4364769396102895,0.08399670268769038,0.665989312103316,0.39286990279877526,-0.07334591952981218,0.5763899042084283
componentOf,0.39048771140471733,1.0,0.4319196668576882,0.38648491465745277,0.3867669887441342,0.4439251093687929,0.5734664989925191,-0.21085281643212103,0.18542127293826463
derivation,0.22333199180194732,0.4319196668576882,1.0,0.47800416095005727,0.696869360855048,0.5169575173799451,0.33512761558269133,-0.1297824113926267,0.35606012796307074
formal,0.4364769396102895,0.38648491465745277,0.47800416095005727,1.0,0.35618764358152366,0.607172542374407,0.5380714255354283,-0.2628989708574739,0.3917221340306285
material,0.08399670268769038,0.3867669887441342,0.696869360855048,0.35618764358152366,1.0,0.4136191264939108,0.2573879693035649,0.18368762464316576,0.3373919317802333
mediation,0.665989312103316,0.4439251093687929,0.5169575173799451,0.607172542374407,0.4136191264939108,1.0,0.47005812184587636,-0.30184151644917884,0.36059129466845347
memberOf,0.39286990279877526,0.5734664989925191,0.33512761558269133,0.5380714255354283,0.2573879693035649,0.47005812184587636,1.0,-0.2927922252669631,0.2775766565910426
none,-0.07334591952981218,-0.21085281643212103,-0.1297824113926267,-0.2628989708574739,0.18368762464316576,-0.30184151644917884,-0.2927922252669631,1.0,0.16148684398615917
other,0.5763899042084283,0.18542127293826463,0.35606012796307074,0.3917221340306285,0.3373919317802333,0.36059129466845347,0.2775766565910426,0.16148684398615917,1.0
