year,num_models,ratio
2019,7,0.09859154929577464
2020,15,0.2112676056338028
2021,16,0.22535211267605634
2022,15,0.2112676056338028
2023,13,0.18309859154929578
2024,5,0.07042253521126761
