Percentage,Coverage
Top 10% Coverage,0.4522849462365591
Top 20% Coverage,0.7849462365591398
Top 30% Coverage,0.8904569892473119
Top 40% Coverage,0.9630376344086021
Top 50% Coverage,0.989247311827957
Top 60% Coverage,0.9959677419354839
Top 70% Coverage,1.0
Top 80% Coverage,1.0
Top 90% Coverage,1.0
Top 100% Coverage,1.0
