year,abstract,category,collective,datatype,enumeration,event,historicalRole,historicalRoleMixin,kind,mixin,mode,phase,phaseMixin,quality,quantity,relator,role,roleMixin,situation,subkind,type,none,other
2013,0.0,0.03937007874015748,0.09448818897637795,0.01968503937007874,0.0,0.0,0.0,0.0,0.14173228346456693,0.007874015748031496,0.031496062992125984,0.051181102362204724,0.0,0.003937007874015748,0.0,0.12992125984251968,0.13385826771653545,0.04330708661417323,0.0,0.11023622047244094,0.007874015748031496,0.0,0.0
2021,0.0,0.007874015748031496,0.003937007874015748,0.007874015748031496,0.0,0.0,0.0,0.0,0.007874015748031496,0.0,0.0,0.007874015748031496,0.0,0.003937007874015748,0.0,0.007874015748031496,0.007874015748031496,0.0,0.0,0.003937007874015748,0.0,0.0,0.0
2022,0.0,0.007874015748031496,0.003937007874015748,0.007874015748031496,0.003937007874015748,0.0,0.0,0.0,0.007874015748031496,0.003937007874015748,0.0,0.007874015748031496,0.0,0.0,0.0,0.007874015748031496,0.007874015748031496,0.003937007874015748,0.0,0.007874015748031496,0.0,0.0,0.0
2023,0.003937007874015748,0.003937007874015748,0.003937007874015748,0.0,0.0,0.0,0.0,0.0,0.007874015748031496,0.0,0.0,0.007874015748031496,0.0,0.003937007874015748,0.003937007874015748,0.007874015748031496,0.003937007874015748,0.0,0.0,0.007874015748031496,0.0,0.0,0.0
