Percentage,Top k Stereotypes (Occurrence-wise),Coverage (Occurrence-wise),Top k Stereotypes (Group-wise),Coverage (Group-wise)
10.0,4,0.5550730359257797,4,0.3689095127610209
20.0,8,0.7836557441768653,8,0.6264501160092807
30.0,13,0.9166995657323332,13,0.839907192575406
40.0,17,0.9723647848401106,17,0.9419953596287703
50.0,22,0.9972364784840111,22,0.9907192575406032
60.0,26,1.0,26,1.0
70.0,30,1.0,30,1.0
80.0,35,1.0,35,1.0
90.0,39,1.0,39,1.0
100.0,44,1.0,44,1.0
