Percentage,Top k Stereotypes (Occurrence-wise),Coverage (Occurrence-wise),Top k Stereotypes (Group-wise),Coverage (Group-wise)
10.0,2,0.5593607305936074,2,0.39263803680981596
20.0,4,0.7751141552511416,4,0.6319018404907976
30.0,6,0.9121004566210046,6,0.8466257668711656
40.0,8,0.9851598173515982,8,0.9693251533742331
50.0,10,1.0,10,1.0
60.0,12,1.0,12,1.0
70.0,14,1.0,14,1.0
80.0,16,1.0,16,1.0
90.0,18,1.0,18,1.0
100.0,21,1.0,21,1.0
