year,bringsAbout,characterization,comparative,componentOf,creation,derivation,externalDependence,historicalDependence,instantiation,manifestation,material,mediation,memberOf,participation,participational,subCollectionOf,subQuantityOf,termination,triggers,none,other
2013,0.0,0.050359712230215826,0.0,0.11510791366906475,0.0,0.1223021582733813,0.0,0.0,0.0,0.0,0.17266187050359713,0.22302158273381295,0.11510791366906475,0.0,0.0,0.02877697841726619,0.0,0.0,0.0,0.050359712230215826,0.1223021582733813
2021,0.0,0.1,0.0,0.0,0.0,0.2,0.0,0.0,0.0,0.0,0.2,0.2,0.0,0.0,0.0,0.0,0.0,0.0,0.0,0.2,0.1
2022,0.0,0.0,0.0,0.125,0.0,0.25,0.0,0.0,0.0,0.0,0.25,0.25,0.0,0.0,0.0,0.0,0.0,0.0,0.0,0.125,0.0
2023,0.0,0.16666666666666666,0.16666666666666666,0.16666666666666666,0.0,0.0,0.0,0.0,0.0,0.0,0.0,0.16666666666666666,0.16666666666666666,0.0,0.0,0.0,0.0,0.0,0.0,0.16666666666666666,0.0
