year,bringsAbout,characterization,comparative,componentOf,creation,derivation,externalDependence,historicalDependence,instantiation,manifestation,material,mediation,memberOf,participation,participational,subCollectionOf,subQuantityOf,termination,triggers,none,other
2013,0.0,0.04294478527607362,0.0,0.09815950920245399,0.0,0.10429447852760736,0.0,0.0,0.0,0.0,0.147239263803681,0.1901840490797546,0.09815950920245399,0.0,0.0,0.024539877300613498,0.0,0.0,0.0,0.04294478527607362,0.10429447852760736
2021,0.0,0.006134969325153374,0.0,0.0,0.0,0.012269938650306749,0.0,0.0,0.0,0.0,0.012269938650306749,0.012269938650306749,0.0,0.0,0.0,0.0,0.0,0.0,0.0,0.012269938650306749,0.006134969325153374
2022,0.0,0.0,0.0,0.006134969325153374,0.0,0.012269938650306749,0.0,0.0,0.0,0.0,0.012269938650306749,0.012269938650306749,0.0,0.0,0.0,0.0,0.0,0.0,0.0,0.006134969325153374,0.0
2023,0.0,0.006134969325153374,0.006134969325153374,0.006134969325153374,0.0,0.0,0.0,0.0,0.0,0.0,0.0,0.006134969325153374,0.006134969325153374,0.0,0.0,0.0,0.0,0.0,0.0,0.006134969325153374,0.0
