year,bringsAbout,characterization,comparative,componentOf,creation,derivation,externalDependence,historicalDependence,instantiation,manifestation,material,mediation,memberOf,participation,participational,subCollectionOf,subQuantityOf,termination,triggers,none,other
2013,0.0,0.01358695652173913,0.0,0.13858695652173914,0.0,0.07065217391304347,0.0,0.0,0.0,0.0,0.11820652173913043,0.41847826086956524,0.06793478260869565,0.0,0.0,0.017663043478260868,0.0,0.0,0.0,0.05298913043478261,0.10190217391304347
2021,0.0,0.01694915254237288,0.0,0.0,0.0,0.06779661016949153,0.0,0.0,0.0,0.0,0.1694915254237288,0.4745762711864407,0.0,0.0,0.0,0.0,0.0,0.0,0.0,0.2542372881355932,0.01694915254237288
2022,0.0,0.0,0.0,0.0847457627118644,0.0,0.0847457627118644,0.0,0.0,0.0,0.0,0.2711864406779661,0.5423728813559322,0.0,0.0,0.0,0.0,0.0,0.0,0.0,0.01694915254237288,0.0
2023,0.0,0.045454545454545456,0.045454545454545456,0.45454545454545453,0.0,0.0,0.0,0.0,0.0,0.0,0.0,0.22727272727272727,0.045454545454545456,0.0,0.0,0.0,0.0,0.0,0.0,0.18181818181818182,0.0
