year,bringsAbout,characterization,comparative,componentOf,creation,derivation,externalDependence,historicalDependence,instantiation,manifestation,material,mediation,memberOf,participation,participational,subCollectionOf,subQuantityOf,termination,triggers,none,other
2013,0.0,0.01141552511415525,0.0,0.11643835616438356,0.0,0.0593607305936073,0.0,0.0,0.0,0.0,0.09931506849315068,0.3515981735159817,0.05707762557077625,0.0,0.0,0.014840182648401826,0.0,0.0,0.0,0.04452054794520548,0.08561643835616438
2021,0.0,0.001141552511415525,0.0,0.0,0.0,0.0045662100456621,0.0,0.0,0.0,0.0,0.01141552511415525,0.0319634703196347,0.0,0.0,0.0,0.0,0.0,0.0,0.0,0.017123287671232876,0.001141552511415525
2022,0.0,0.0,0.0,0.005707762557077625,0.0,0.005707762557077625,0.0,0.0,0.0,0.0,0.0182648401826484,0.0365296803652968,0.0,0.0,0.0,0.0,0.0,0.0,0.0,0.001141552511415525,0.0
2023,0.0,0.001141552511415525,0.001141552511415525,0.01141552511415525,0.0,0.0,0.0,0.0,0.0,0.0,0.0,0.005707762557077625,0.001141552511415525,0.0,0.0,0.0,0.0,0.0,0.0,0.0045662100456621,0.0
