year,num_models,ratio
2005,1,0.007518796992481203
2007,1,0.007518796992481203
2011,1,0.007518796992481203
2012,2,0.015037593984962405
2013,2,0.015037593984962405
2014,1,0.007518796992481203
2015,8,0.06015037593984962
2016,4,0.03007518796992481
2017,8,0.06015037593984962
2018,10,0.07518796992481203
2019,7,0.05263157894736842
2020,17,0.12781954887218044
2021,17,0.12781954887218044
2022,17,0.12781954887218044
2023,17,0.12781954887218044
2024,15,0.11278195488721804
2025,5,0.03759398496240601
