stereotype,total_correlation,rank
bringsAbout,2.5911969597448405,6
characterization,2.419894070975651,8
componentOf,1.9568118677357416,10
creation,2.454588378020665,7
derivation,1.9189738742628415,11
externalDependence,2.7768278537060294,5
historicalDependence,3.2041544043365002,4
instantiation,3.8266841852075366,2
manifestation,3.9473665973409844,1
material,2.1101002149899517,9
mediation,1.8540956081104025,12
memberOf,1.7735824838961656,13
participation,3.6131531364094105,3
