stereotype,total_correlation,rank
category,2.431348337775043,5
collective,2.2731058644192665,9
datatype,1.3101014380005265,13
enumeration,0.915739881378568,14
event,2.2272472884581456,10
kind,3.2235153219836326,1
mode,2.368226077648354,6
phase,2.3514899150195983,8
quality,2.358256968794447,7
relator,2.519097399658337,3
role,2.5064839156671854,4
situation,2.2082442636633455,11
subkind,2.8255699389613245,2
type,1.9664092596624698,12
