stereotype,total_correlation,rank
category,1.9714731967568841,10
collective,1.9186449840441915,11
datatype,0.9778855797222974,15
event,2.199397496438412,3
kind,2.860737744907113,1
mixin,1.2087165782205358,14
mode,2.136041125641681,7
phase,2.062449117166285,9
quality,2.1292535124611227,8
relator,1.8931222329208595,12
role,2.1449483200043606,6
roleMixin,1.7045967199532184,13
situation,2.3804103621213586,2
subkind,2.1709068226949286,4
type,2.1536032089278616,5
