stereotype,total_correlation,rank
category,2.053556945019952,11
collective,2.1494587698073704,7
datatype,1.219940087718132,13
event,2.1422799564472914,8
kind,2.9703763626733437,1
mode,2.1597450609023867,6
phase,2.207254122942431,5
quality,2.14080281793048,9
relator,2.103918352974423,10
role,2.2862490910786093,3
situation,2.2107763140370804,4
subkind,2.442157574068311,2
type,1.9221613204941577,12
