stereotype,total_correlation,rank
category,2.6895250310220757,5
collective,2.198395829881399,12
datatype,1.3152114322459418,14
enumeration,0.9352899952334217,15
event,2.462176358063807,8
kind,3.4961889979659357,1
mode,2.525728919036043,6
phase,2.4243921103398076,10
quality,2.52209715629018,7
relator,2.7078137055985736,4
role,2.7623787742984183,3
roleMixin,1.8810333575351414,13
situation,2.4588029610726534,9
subkind,2.921217795881499,2
type,2.3466143336569534,11
