stereotype,total_correlation,rank
category,2.294473663846295,7
collective,2.165228457729239,12
datatype,1.221867978729625,14
event,2.4184374737982672,3
kind,3.126701788768369,1
mode,2.373627317155435,6
phase,2.2203279323232596,9
quality,2.1800749785378453,11
relator,2.1955065467543853,10
role,2.3858444089212334,5
roleMixin,1.7916355120034468,13
situation,2.4041237401052533,4
subkind,2.514732461883591,2
type,2.2546679664480624,8
