stereotype,total_correlation,rank
characterization,2.009215663388779,1
componentOf,1.1137312258803715,6
derivation,1.829400678785936,3
material,1.502110765985965,4
mediation,1.8450242214759667,2
memberOf,1.2331840045635163,5
