year,num_models,ratio
2005,1,0.005649717514124294
2007,1,0.005649717514124294
2011,1,0.005649717514124294
2012,2,0.011299435028248588
2013,39,0.22033898305084745
2014,1,0.005649717514124294
2015,8,0.04519774011299435
2016,4,0.022598870056497175
2017,8,0.04519774011299435
2018,10,0.05649717514124294
2019,7,0.03954802259887006
2020,17,0.096045197740113
2021,19,0.10734463276836158
2022,19,0.10734463276836158
2023,19,0.10734463276836158
2024,16,0.0903954802259887
2025,5,0.02824858757062147
