Percentage,Top k Stereotypes (Occurrence-wise),Coverage (Occurrence-wise),Top k Stereotypes (Group-wise),Coverage (Group-wise)
10.0,4,0.6188195702821642,4,0.3512658227848101
20.0,8,0.8325135904737251,8,0.6139240506329114
30.0,12,0.9315298990421952,12,0.7879746835443038
40.0,16,0.9825265337820347,16,0.9018987341772152
50.0,20,0.9941755112606783,20,0.9683544303797469
60.0,24,0.9994822676676158,24,0.9936708860759493
70.0,28,1.0,28,1.0
80.0,32,1.0,32,1.0
90.0,36,1.0,36,1.0
100.0,41,1.0,41,1.0
