Percentage,Top k Stereotypes (Occurrence-wise),Coverage (Occurrence-wise),Top k Stereotypes (Group-wise),Coverage (Group-wise)
10.0,4,0.5666666666666667,4,0.34615384615384615
20.0,8,0.7583333333333333,8,0.5769230769230769
30.0,12,0.8916666666666667,12,0.7307692307692307
40.0,16,0.975,16,0.8846153846153846
50.0,20,1.0,20,1.0
60.0,24,1.0,24,1.0
70.0,28,1.0,28,1.0
80.0,32,1.0,32,1.0
90.0,36,1.0,36,1.0
100.0,40,1.0,40,1.0
