stereotype,total_correlation,rank
category,4.907829285770933,3
event,2.6196699434330863,14
kind,4.2070178107181,8
mode,4.304040494415359,5
phase,3.6372180887753336,13
relator,4.227377309099997,7
role,3.8343298518292013,11
subkind,3.6459793051088454,12
type,3.964882328578508,10
characterization,4.238746851570691,6
derivation,4.4359338449005365,4
formal,4.164025987496752,9
material,4.910786976335049,2
mediation,5.11932604277077,1
