Percentage,Top k Stereotypes (Occurrence-wise),Coverage (Occurrence-wise),Top k Stereotypes (Group-wise),Coverage (Group-wise)
10.0,2,0.5223650385604113,2,0.3894736842105263
20.0,4,0.7845758354755784,4,0.6140350877192983
30.0,6,0.8745501285347044,6,0.7789473684210526
40.0,8,0.9434447300771208,8,0.8807017543859649
50.0,10,0.9737789203084833,10,0.9543859649122807
60.0,12,0.9928020565552699,12,0.9859649122807017
70.0,14,1.0,14,1.0
80.0,16,1.0,16,1.0
90.0,18,1.0,18,1.0
100.0,20,1.0,20,1.0
