stereotype,total_correlation,rank
characterization,1.713947362165824,6
creation,1.7448065718702868,4
derivation,1.6484990957101524,7
formal,0.9559061843652605,10
instantiation,2.4093843754835276,2
manifestation,2.6947637672884364,1
material,1.7281022671213107,5
mediation,1.6110879980737072,8
participation,2.232017717915796,3
triggers,1.3101926730870361,9
