stereotype,total_correlation,rank
characterization,1.575300488132294,10
comparative,1.9457820803130268,6
creation,2.5812383234624465,3
derivation,1.617506133521701,9
formal,0.9655550211304085,11
instantiation,2.673977803713206,2
manifestation,2.7124217908911237,1
material,1.9974633639699282,5
mediation,1.8771424782154313,7
participation,2.558409344748725,4
termination,1.7089975013320302,8
