Stereotype,characterization,creation,derivation,formal,instantiation,manifestation,material,mediation,participation
characterization,1.0,0.13051854129285398,0.010061264732020896,0.019727709296831056,0.257748138438918,0.25889238852456997,0.2673344715515709,0.2661752471888583,0.27797070422642334
creation,0.13051854129285398,1.0,0.029738803564145565,0.058236649827541245,0.3595131899719741,0.35628695467958527,0.008071374967194976,0.1737205159080595,0.7038856152075144
derivation,0.010061264732020896,0.029738803564145565,1.0,0.03865096280532054,0.19270314232106855,0.2296238372704011,0.4714207897433056,0.41650078050916617,0.042607771627142646
formal,0.019727709296831056,0.058236649827541245,0.03865096280532054,1.0,0.21720440856776133,0.3183143594840419,0.10159138565697073,0.021723679594880745,0.0
instantiation,0.257748138438918,0.3595131899719741,0.19270314232106855,0.21720440856776133,1.0,0.7276388849156362,0.11929625570352573,0.05274027826536615,0.4205087028168138
manifestation,0.25889238852456997,0.35628695467958527,0.2296238372704011,0.3183143594840419,0.7276388849156362,1.0,0.1391924618036335,0.050263800794938134,0.4607268091171678
material,0.2673344715515709,0.008071374967194976,0.4714207897433056,0.10159138565697073,0.11929625570352573,0.1391924618036335,1.0,0.430093421008781,0.018085162306203
mediation,0.2661752471888583,0.1737205159080595,0.41650078050916617,0.021723679594880745,0.05274027826536615,0.050263800794938134,0.430093421008781,1.0,0.06790681629640091
participation,0.27797070422642334,0.7038856152075144,0.042607771627142646,0.0,0.4205087028168138,0.4607268091171678,0.018085162306203,0.06790681629640091,1.0
