stereotype,total_correlation,rank
characterization,1.6431622306555371,7
creation,2.122206773700602,4
derivation,1.632929085544179,8
formal,0.9607184894876788,9
instantiation,2.538235674766304,2
manifestation,2.7035783627808927,1
material,1.857907685480684,5
mediation,1.7390347084883662,6
participation,2.3896474608528546,3
