stereotype,total_correlation,rank
bringsAbout,2.5354050984536434,10
characterization,2.756663248756875,6
componentOf,2.2921938180028882,12
creation,2.794445088809121,5
derivation,2.047978209627999,13
externalDependence,2.7461153621966363,7
historicalDependence,3.3512363869388118,4
instantiation,3.663666899080517,1
manifestation,3.5748100590418477,3
material,2.679097911875931,8
mediation,2.5161808410979285,11
memberOf,2.632313498070858,9
participation,3.6498091267859145,2
