stereotype,total_correlation,rank
bringsAbout,2.2598742188610936,12
characterization,2.673081161981558,7
componentOf,2.284010659337354,11
creation,2.8946040696880275,5
derivation,1.9392661336552308,13
externalDependence,2.675239600018381,6
historicalDependence,3.2831469477066477,4
instantiation,3.6462420315625836,1
manifestation,3.4714376234290913,3
material,2.669121537059107,8
mediation,2.641986629917665,9
memberOf,2.6352110825529245,10
participation,3.610575692194093,2
