Percentage,Top k Constructs,Coverage
10.0,2,0.5676816400361773
20.0,4,0.7744950256255653
30.0,6,0.9119686463671993
40.0,8,0.9852276153150437
50.0,10,0.9954778414229726
60.0,12,0.9990955682845946
70.0,14,1.0
80.0,16,1.0
90.0,18,1.0
100.0,21,1.0
