Percentage,Top k Constructs,Coverage
10.0,2,0.32786885245901637
20.0,4,0.5655737704918032
30.0,6,0.7622950819672131
40.0,8,0.9180327868852459
50.0,10,0.9672131147540983
60.0,12,0.9918032786885246
70.0,14,1.0
80.0,16,1.0
90.0,18,1.0
100.0,21,1.0
