Percentage,Top k Stereotypes (Occurrence-wise),Coverage (Occurrence-wise),Top k Stereotypes (Group-wise),Coverage (Group-wise)
10.0,2,0.5377964426877471,2,0.31873479318734793
20.0,4,0.7705039525691699,4,0.5766423357664233
30.0,6,0.89649209486166,6,0.732360097323601
40.0,8,0.9397233201581028,8,0.8467153284671532
50.0,11,0.9819664031620553,11,0.9464720194647201
60.0,13,0.9923418972332015,13,0.9805352798053528
70.0,15,1.0,15,1.0
80.0,17,1.0,17,1.0
90.0,19,1.0,19,1.0
100.0,22,1.0,22,1.0
