Percentage,Top k Stereotypes (Occurrence-wise),Coverage (Occurrence-wise),Top k Stereotypes (Group-wise),Coverage (Group-wise)
10.0,2,0.8064516129032258,2,0.6666666666666666
20.0,4,1.0,4,1.0
30.0,6,1.0,6,1.0
40.0,8,1.0,8,1.0
50.0,10,1.0,10,1.0
60.0,12,1.0,12,1.0
70.0,14,1.0,14,1.0
80.0,16,1.0,16,1.0
90.0,18,1.0,18,1.0
100.0,21,1.0,21,1.0
