stereotype,total_correlation,rank
characterization,2.1038560764068466,8
componentOf,2.0563391764103383,9
creation,2.2963192658742284,6
derivation,1.912192951918045,10
externalDependence,2.273603932038022,7
formal,1.2030744980996095,12
instantiation,2.651615546087952,3
material,2.655005092509116,2
mediation,2.5839735200673997,4
memberOf,2.8723243074603366,1
participation,2.4184598359588767,5
none,1.5350307149983622,11
other,1.0732630171487036,13
