stereotype,total_correlation,rank
characterization,2.041897376337984,8
componentOf,2.074102861313478,7
creation,2.122843267374974,6
derivation,1.8284914681642999,10
externalDependence,1.9450615733872447,9
instantiation,2.4266847315129834,4
material,2.6327149244159815,2
mediation,2.56325644176662,3
memberOf,2.6906878513858876,1
participation,2.302447410149416,5
none,1.1481921453980886,11
other,0.8754813944908433,12
