stereotype,total_correlation,rank
characterization,1.9573107421326787,6
creation,2.0501839322964286,4
derivation,1.5826252058669852,8
formal,0.884641989085419,10
instantiation,2.462791293124087,1
material,2.0012477147210013,5
mediation,1.920297030585514,7
participation,2.43686330197328,2
none,1.061380217994707,9
other,2.398414087309044,3
