stereotype,total_correlation,rank
characterization,1.704606518438263,7
creation,1.9176379990485999,6
derivation,1.3420164626796725,8
formal,0.704392088333452,10
instantiation,2.092790607702393,3
material,1.9252211819028275,5
mediation,1.9941894381436125,4
participation,2.111272808253889,2
none,1.0291662391660132,9
other,2.185025694614515,1
