stereotype,total_correlation,rank
characterization,2.487845212827042,8
componentOf,2.1528560090094127,9
creation,2.63816322893608,6
derivation,2.1109625711775304,10
externalDependence,2.679246494397184,5
formal,1.3952963006978711,12
instantiation,3.283835314972748,1
material,2.799813839051155,4
mediation,2.559880285633615,7
memberOf,2.9521198552914916,3
participation,3.084647866657131,2
none,1.407227287738687,11
