stereotype,total_correlation,rank
characterization,2.247477819560344,5
creation,2.1918913571444727,6
derivation,1.8663724416943808,8
formal,1.111016806995333,11
instantiation,2.8982072698361145,2
manifestation,3.0600425917876857,1
material,2.0802765174844087,7
mediation,1.8491426216299027,9
participation,2.812664819671192,3
triggers,1.6300226768850203,10
none,1.0946025280263525,12
other,2.6326418716175866,4
