stereotype,total_correlation,rank
characterization,2.4326196981831125,7
componentOf,2.2406821270773563,9
creation,2.4815648642572294,6
derivation,2.129877828586325,10
externalDependence,2.3982409620759078,8
instantiation,3.0913770233259514,1
material,2.781264565562545,3
mediation,2.595842481034759,5
memberOf,2.762297677638094,4
participation,3.026719741809443,2
none,1.238703982730576,12
other,1.2482027155466855,11
