year,bringsAbout,characterization,comparative,componentOf,creation,derivation,externalDependence,historicalDependence,instantiation,manifestation,material,mediation,memberOf,participation,participational,subCollectionOf,subQuantityOf,termination,triggers,none,other
2019,0.0,0.008791208791208791,0.0,0.004395604395604396,0.0,0.006593406593406593,0.0,0.002197802197802198,0.002197802197802198,0.002197802197802198,0.006593406593406593,0.013186813186813187,0.006593406593406593,0.002197802197802198,0.0,0.0,0.0,0.0,0.0,0.015384615384615385,0.01098901098901099
2020,0.0,0.013186813186813187,0.0,0.008791208791208791,0.004395604395604396,0.01098901098901099,0.004395604395604396,0.0,0.004395604395604396,0.002197802197802198,0.008791208791208791,0.015384615384615385,0.0,0.006593406593406593,0.0,0.0,0.0,0.0,0.004395604395604396,0.03296703296703297,0.013186813186813187
2021,0.008791208791208791,0.03076923076923077,0.002197802197802198,0.017582417582417582,0.006593406593406593,0.01098901098901099,0.013186813186813187,0.006593406593406593,0.008791208791208791,0.008791208791208791,0.01978021978021978,0.026373626373626374,0.008791208791208791,0.015384615384615385,0.002197802197802198,0.0,0.002197802197802198,0.0,0.004395604395604396,0.035164835164835165,0.008791208791208791
2022,0.004395604395604396,0.026373626373626374,0.0,0.01098901098901099,0.013186813186813187,0.013186813186813187,0.015384615384615385,0.017582417582417582,0.013186813186813187,0.004395604395604396,0.017582417582417582,0.02857142857142857,0.008791208791208791,0.015384615384615385,0.004395604395604396,0.004395604395604396,0.002197802197802198,0.002197802197802198,0.004395604395604396,0.03296703296703297,0.004395604395604396
2023,0.006593406593406593,0.024175824175824177,0.004395604395604396,0.015384615384615385,0.01098901098901099,0.017582417582417582,0.006593406593406593,0.0,0.004395604395604396,0.002197802197802198,0.015384615384615385,0.02857142857142857,0.015384615384615385,0.01098901098901099,0.0,0.0,0.0,0.004395604395604396,0.004395604395604396,0.03076923076923077,0.002197802197802198
2024,0.004395604395604396,0.013186813186813187,0.004395604395604396,0.006593406593406593,0.004395604395604396,0.004395604395604396,0.002197802197802198,0.006593406593406593,0.002197802197802198,0.004395604395604396,0.008791208791208791,0.01098901098901099,0.002197802197802198,0.008791208791208791,0.002197802197802198,0.0,0.0,0.0,0.002197802197802198,0.013186813186813187,0.002197802197802198
