year,num_models,ratio
2013,37,0.8409090909090909
2021,2,0.045454545454545456
2022,2,0.045454545454545456
2023,2,0.045454545454545456
2024,1,0.022727272727272728
