stereotype,total_correlation,rank
bringsAbout,2.771146258153407,6
characterization,2.487404719824178,7
componentOf,2.023367478197305,11
creation,2.4020993538007387,8
derivation,2.0376428777127997,10
externalDependence,2.783715828814862,5
historicalDependence,3.229698752142987,4
instantiation,3.859355724786883,2
manifestation,3.960537730496922,1
material,2.2611523059438543,9
mediation,1.9823665098086065,12
memberOf,1.8860820881961196,13
participation,3.564994240810193,3
