stereotype,total_correlation,rank
bringsAbout,2.5421129208846582,6
characterization,2.419514824453276,7
componentOf,1.9255475661600956,10
creation,2.397687190246704,8
derivation,1.8800200099222915,11
externalDependence,2.6954734447904305,5
historicalDependence,3.1348015762697017,4
instantiation,3.7404300427295594,2
manifestation,3.8772834053098597,1
material,2.1137414507993415,9
mediation,1.7783287217141486,12
memberOf,1.721730972913491,13
participation,3.514155697430457,3
