Percentage,Top k Stereotypes (Occurrence-wise),Coverage (Occurrence-wise),Top k Stereotypes (Group-wise),Coverage (Group-wise)
10.0,4,0.49436459518147036,4,0.28888888888888886
20.0,9,0.7763416399545031,9,0.5901234567901235
30.0,13,0.8968048805707786,13,0.7555555555555555
40.0,18,0.971771274945714,18,0.8839506172839506
50.0,22,0.9920380519077655,22,0.9530864197530864
60.0,27,0.9992761865370696,27,0.9925925925925926
70.0,31,1.0,31,1.0
80.0,36,1.0,36,1.0
90.0,40,1.0,40,1.0
100.0,45,1.0,45,1.0
