Percentage,Top k Stereotypes (Occurrence-wise),Coverage (Occurrence-wise),Top k Stereotypes (Group-wise),Coverage (Group-wise)
10.0,4,0.6432160804020101,4,0.3125
20.0,8,0.7889447236180904,8,0.5625
30.0,13,0.9095477386934674,13,0.71875
40.0,17,0.964824120603015,17,0.84375
50.0,22,1.0,22,1.0
60.0,26,1.0,26,1.0
70.0,30,1.0,30,1.0
80.0,35,1.0,35,1.0
90.0,39,1.0,39,1.0
100.0,44,1.0,44,1.0
