Percentage,Coverage
Top 10% Coverage,0.41197762421849293
Top 20% Coverage,0.6822968081605791
Top 30% Coverage,0.7898979927607765
Top 40% Coverage,0.9042448173741362
Top 50% Coverage,0.9496544916090819
Top 60% Coverage,0.9726883843369529
Top 70% Coverage,0.9934188877920369
Top 80% Coverage,0.9983547219480092
Top 90% Coverage,1.0
Top 100% Coverage,1.0
