stereotype,total_correlation,rank
category,3.9188754739501412,2
collective,2.928687645939325,10
event,2.4406422531960965,12
kind,3.2137411157639657,6
mixin,4.076402794107272,1
mode,3.8728480882939005,3
phase,3.104067822089924,9
relator,2.561766965439901,11
role,3.153966604739127,8
roleMixin,3.2449974009336655,5
subkind,3.172870555424761,7
type,3.7552807063242892,4
