stereotype,total_correlation_occurrence_wise,rank_total_correlation_occurrence_wise
category,4.65901633204782,1
collective,2.917609629482787,11
event,1.9733702515229212,12
kind,3.4120220160897263,6
mixin,3.831020274528414,3
mode,3.774163691437102,4
phase,3.0513846327861813,10
relator,3.385600544890723,8
role,3.716446935109495,5
roleMixin,3.4104178139310397,7
subkind,3.2801775456785967,9
type,4.030972880778276,2
