Percentage,Coverage
Top 10% Coverage,0.32618646109371235
Top 20% Coverage,0.5063840038544929
Top 30% Coverage,0.6509274873524452
Top 40% Coverage,0.8014936159961455
Top 50% Coverage,0.8781016622500603
Top 60% Coverage,0.9209828956877861
Top 70% Coverage,0.9669959046013009
Top 80% Coverage,0.9841002168152252
Top 90% Coverage,0.9937364490484221
Top 100% Coverage,1.0
