Percentage,Top k Stereotypes (Occurrence-wise),Coverage (Occurrence-wise),Top k Stereotypes (Group-wise),Coverage (Group-wise)
10.0,1,0.2866666666666667,1,0.2112676056338028
20.0,3,0.61,3,0.5352112676056338
30.0,5,0.8166666666666667,5,0.7605633802816901
40.0,7,0.9,7,0.8732394366197183
50.0,9,0.95,9,0.9295774647887324
60.0,11,0.9766666666666667,11,0.9577464788732394
70.0,13,0.9933333333333333,13,0.9859154929577465
80.0,15,1.0,15,1.0
90.0,17,1.0,17,1.0
100.0,19,1.0,19,1.0
