stereotype,total_correlation,rank
characterization,2.0672487517851637,1
componentOf,1.1227390625707052,6
derivation,1.8248579915376681,3
material,1.4410075165356766,4
mediation,1.8526875434115664,2
memberOf,1.286237238241186,5
