Stereotype,characterization,componentOf,derivation,material,mediation,memberOf
characterization,1.0,0.1391304347826087,0.20204270845206798,-0.12676842711697725,0.589890680120269,0.20204270845206798
componentOf,0.1391304347826087,1.0,0.20204270845206798,0.14312564351916787,0.0601929265428846,0.20204270845206798
derivation,0.20204270845206798,0.20204270845206798,1.0,0.5847053462046862,0.35860956909327935,0.18518518518518517
material,-0.12676842711697725,0.14312564351916787,0.5847053462046862,1.0,0.1358732440973515,-0.05847053462046861
mediation,0.589890680120269,0.0601929265428846,0.35860956909327935,0.1358732440973515,1.0,0.20082135869223644
memberOf,0.20204270845206798,0.20204270845206798,0.18518518518518517,-0.05847053462046861,0.20082135869223644,1.0
