stereotype,total_correlation,rank
bringsAbout,4.4322672364881734,3
characterization,3.3920170977976714,6
componentOf,1.6885262968440968,11
derivation,2.1728684314830105,8
externalDependence,4.530507474816439,2
historicalDependence,4.4322672364881734,3
manifestation,4.4322672364881734,3
material,1.9796140262928188,9
mediation,2.551272717239844,7
memberOf,1.9496574995981883,10
participation,4.650093804322864,1
subCollectionOf,1.3783046166773363,12
