stereotype,total_correlation_model_wise,rank_total_correlation_model_wise
characterization,1.2598749589239913,3
componentOf,0.7465344217487973,6
derivation,1.5325855173872869,1
material,1.0489431955586515,4
mediation,1.345387778546021,2
memberOf,0.8485624954020261,5
