stereotype,total_correlation,rank
bringsAbout,2.7043874260761527,7
characterization,2.744741328269746,6
componentOf,1.4539874741217313,13
creation,2.623226691815954,8
derivation,1.7317595881806587,11
externalDependence,3.1772739617815717,5
historicalDependence,3.4641246508513137,4
instantiation,3.972367033251423,2
manifestation,3.996556753049472,1
material,1.9687966488115407,10
mediation,2.0130007507745593,9
memberOf,1.6041110113049994,12
participation,3.79967886755089,3
