stereotype,total_correlation,rank
bringsAbout,2.8008846633494606,7
characterization,2.8203245660569953,6
componentOf,1.444275319799392,13
creation,2.624803458208471,8
derivation,1.637469864538252,11
externalDependence,3.220083051837813,5
historicalDependence,3.5272825994550763,4
instantiation,4.047607294530053,2
manifestation,4.10554920247582,1
material,1.8860753945488438,10
mediation,2.0653604788974573,9
memberOf,1.5458014373585072,12
participation,3.8879159788827193,3
