stereotype,total_correlation,rank
bringsAbout,2.611214751546619,8
characterization,2.6711836821123245,6
componentOf,1.4637649386659435,13
creation,2.6216508726152163,7
derivation,1.8314787564663528,11
externalDependence,3.135033993130568,5
historicalDependence,3.4020975802986753,4
instantiation,3.898525399978264,1
manifestation,3.89045779081475,2
material,2.055145969018245,9
mediation,1.961968413757047,10
memberOf,1.6646200957006676,12
participation,3.7134443169375713,3
