stereotype,total_correlation,rank
characterization,2.782659057194013,7
componentOf,2.1798991785114916,12
creation,3.0431660245432743,5
derivation,2.2348291091978765,11
externalDependence,2.907200072475819,6
historicalDependence,3.163488508052194,4
instantiation,3.457480860742013,3
manifestation,3.8849263657063684,1
material,2.6925212674768995,8
mediation,2.3412039896272323,10
memberOf,2.563275783474103,9
participation,3.6390753305239594,2
none,1.1830733369592812,13
other,0.9681399784855107,14
