stereotype,total_correlation,rank
characterization,2.9656744667201838,7
componentOf,2.2412447064444168,12
creation,3.168944950157586,5
derivation,2.3468488388207596,11
externalDependence,2.9955534570266913,6
historicalDependence,3.4500335021628303,4
instantiation,3.6661255145184444,3
manifestation,4.12930284476728,1
material,2.7815975180404315,8
mediation,2.4229906209779717,10
memberOf,2.54521288168089,9
participation,3.9789397246354907,2
none,1.3105412251632476,13
other,1.2243487824115369,14
