stereotype,geometric_mean_correlation,rank
characterization,2.373845395791303,8
componentOf,2.1949150284189147,9
creation,2.4510402411904497,6
derivation,2.129961228176457,10
externalDependence,2.3762936827192758,7
instantiation,3.0798421804856533,1
material,2.7432808747237325,3
mediation,2.5314649378488583,5
memberOf,2.7270029877456325,4
participation,2.990352526659012,2
none,1.2507242015128495,11
other,1.2218589416919383,12
