stereotype,total_correlation_occurrence_wise,rank_total_correlation_occurrence_wise
characterization,2.007082967409502,8
componentOf,2.0264188815364634,7
creation,2.099547723366232,6
derivation,1.8301623980321327,10
externalDependence,1.9266747841774876,9
instantiation,2.4103354068789127,4
material,2.6001125749757485,2
mediation,2.494003206119,3
memberOf,2.653537743299551,1
participation,2.2724717875827944,5
none,1.154984542513227,11
other,0.8467306055278807,12
