Percentage,Coverage
Top 10% Coverage,0.5780684664625662
Top 20% Coverage,0.7723350960200389
Top 30% Coverage,0.9081547453381575
Top 40% Coverage,0.9785694405789034
Top 50% Coverage,0.9880322849986084
Top 60% Coverage,0.9949902588366267
Top 70% Coverage,0.9972168104647926
Top 80% Coverage,0.9988867241859171
Top 90% Coverage,1.0
Top 100% Coverage,1.0
