stereotype,total_correlation,rank
characterization,1.730818104194105,5
componentOf,1.9284571093015295,4
derivation,2.388270611238103,1
material,1.7118563963604574,6
mediation,2.1241652739019514,3
memberOf,2.3596943578715908,2
subCollectionOf,1.52412476733699,7
