stereotype,total_correlation,rank
characterization,1.6676365433208735,5
componentOf,1.8626093837699047,4
derivation,2.3483327184904126,1
material,1.6338356233903384,6
mediation,2.0514529742709695,3
memberOf,2.3108416527566087,2
subCollectionOf,1.4941278127595083,7
