stereotype,geometric_mean_correlation,rank
characterization,1.7436989326345613,6
componentOf,2.072157567495056,4
derivation,2.294393334864752,2
material,1.7741160892408732,5
mediation,2.309290237682496,1
memberOf,2.1880602678425856,3
