stereotype,total_correlation,rank
characterization,1.707591977065361,6
componentOf,2.19224657068019,2
derivation,2.1747904617296014,3
material,1.7869591472051956,5
mediation,2.4739586343460256,1
memberOf,1.990615886339866,4
