stereotype,total_correlation,rank
characterization,1.6874960094873512,6
componentOf,2.0207174552832257,4
derivation,2.259896368672797,1
material,1.7086829759341164,5
mediation,2.2528226292037505,2
memberOf,2.1447606171303075,3
