stereotype,total_correlation,rank
bringsAbout,2.722076848780104,7
characterization,2.763304179633497,6
componentOf,1.475151008694137,13
creation,2.620823226949228,8
derivation,1.7476752504480277,11
externalDependence,3.184741226893728,5
historicalDependence,3.4722536985857215,4
instantiation,3.9832542442017687,2
manifestation,4.005097488828983,1
material,1.930932559423865,10
mediation,1.9623113669420083,9
memberOf,1.604189310925979,12
participation,3.80465947147037,3
