stereotype,total_correlation,rank
bringsAbout,2.560039972641133,6
characterization,2.352807060277144,8
componentOf,1.9156839825450902,11
creation,2.4564966303294304,7
derivation,1.8602013977986016,12
externalDependence,2.7537990121862985,5
historicalDependence,3.181114731691464,4
instantiation,3.8103051116783533,2
manifestation,3.9266430756459485,1
material,2.16484977010368,9
mediation,1.921486041914564,10
memberOf,1.7737070629739646,13
participation,3.574521674807805,3
