stereotype,total_correlation,rank
bringsAbout,2.7772739111349938,6
characterization,2.4206748140608543,8
componentOf,2.0129684442900606,12
creation,2.4706768972047937,7
derivation,2.0268711597691023,11
externalDependence,2.811455488752757,5
historicalDependence,3.264219100813054,4
instantiation,3.901392534283624,2
manifestation,3.992954940074145,1
material,2.305901373654785,9
mediation,2.074630246770237,10
memberOf,1.9221797440308548,13
participation,3.6153831225998405,3
