Percentage,Top k Stereotypes (Occurrence-wise),Coverage (Occurrence-wise),Top k Stereotypes (Group-wise),Coverage (Group-wise)
10.0,2,0.5106382978723404,2,0.25
20.0,4,0.648936170212766,4,0.45
30.0,6,0.7659574468085106,6,0.55
40.0,9,0.8936170212765957,9,0.7
50.0,11,0.9468085106382979,11,0.8
60.0,13,0.9787234042553191,13,0.9
70.0,16,1.0,16,1.0
80.0,18,1.0,18,1.0
90.0,20,1.0,20,1.0
100.0,23,1.0,23,1.0
