stereotype,total_correlation,rank
category,4.559198766353496,1
collective,3.067949967326455,9
event,2.4949618743557873,12
kind,3.59739295641866,6
mixin,3.718635067466254,4
mode,3.8675249937104983,3
phase,2.92613577761228,10
relator,3.4401206609860298,7
role,3.6273011052448947,5
subkind,3.154411225474324,8
type,4.300472635944712,2
none,1.7502401450654368,13
other,2.7800894822363094,11
