stereotype,total_correlation,rank
category,3.9200631220261175,4
collective,3.1352224219171947,7
event,2.930463291508296,11
kind,3.4711965002185883,5
mixin,3.9488340719041273,2
mode,3.940179436724025,3
phase,2.9719848805836575,10
relator,2.6493801107493846,12
role,3.228883112744051,6
subkind,3.080108888622256,9
type,3.985080107858345,1
none,2.2104026969520554,13
other,3.098954819240932,8
