year,abstract,category,collective,datatype,enumeration,event,historicalRole,historicalRoleMixin,kind,mixin,mode,phase,phaseMixin,quality,quantity,relator,role,roleMixin,situation,subkind,type,none,other
2015,0.0,0.0,0.0,0.010638297872340425,0.05319148936170213,0.031914893617021274,0.0,0.0,0.0425531914893617,0.010638297872340425,0.0,0.0,0.0,0.02127659574468085,0.06382978723404255,0.0,0.031914893617021274,0.0,0.0425531914893617,0.0,0.0,0.0,0.0
2018,0.0,0.07446808510638298,0.010638297872340425,0.0,0.0,0.0,0.0,0.0,0.22340425531914893,0.0,0.031914893617021274,0.0,0.0,0.0,0.0,0.06382978723404255,0.02127659574468085,0.0,0.0,0.24468085106382978,0.0,0.0,0.02127659574468085
