Group,DistanceFromOrigin,Rank
rigid,154.37990005640233,1
sortal,153.08258997189475,2
rigid_sortal,150.48796980287955,3
non_rigid,136.21755887329616,4
non_sortal,123.24445802822034,5
non_rigid_sortal,116.75790760568242,6
rigid_non_sortal,111.56866726765209,7
non_rigid_non_sortal,83.02784540848528,8
temporal,68.75743447890187,9
undef,48.00047312678055,10
abstracts,40.21661261973505,11
none,29.838131943674394,12
other,24.648891605644067,13
