stereotype,total_correlation_occurrence_wise,rank_total_correlation_occurrence_wise
category,2.467266769303282,2
collective,1.9877067077657493,11
datatype,0.9935566260322399,14
event,2.2702911566732715,6
kind,2.6965756095300764,1
mode,2.2731876065422862,5
phase,1.8645820429162563,12
quality,2.0392227203334823,10
relator,2.3159576336166006,4
role,2.054545488295801,9
roleMixin,2.0727267844290784,8
subkind,2.4485551662867753,3
type,2.193786999346927,7
none,1.7467151340666591,13
