stereotype,geometric_mean_correlation,rank
category,2.460361870311676,3
collective,2.0468418811242337,11
datatype,1.1879510765239567,14
event,2.6257018289804623,1
kind,2.6177729828463026,2
mode,2.2265080428532014,4
phase,1.9058071777411751,12
quality,2.175968519238523,6
relator,2.122163391469712,7
role,2.100357961472295,8
roleMixin,2.0899579303351605,9
subkind,2.0648049185808426,10
type,2.2151097440921594,5
none,1.8410226312112303,13
