stereotype,total_correlation,rank
characterization,2.4594995207890977,6
componentOf,1.4099907765930926,11
creation,2.5286147799785668,5
derivation,2.0579204824193815,8
externalDependence,2.750536041495026,4
instantiation,2.944155096384012,3
manifestation,3.2876262312012257,1
material,2.1949290114911473,7
mediation,1.8868183992063714,9
memberOf,1.5253751815662016,10
participation,3.0674650186628227,2
