stereotype,total_correlation,rank
characterization,2.4689689838380766,6
componentOf,1.3158568545013798,11
creation,2.736246602130777,5
derivation,2.0285087607357237,8
externalDependence,2.8879820081482857,4
instantiation,3.2421643637088264,3
manifestation,3.5333676954537974,1
material,2.139132527137437,7
mediation,1.790585648090342,9
memberOf,1.4530175045264946,10
participation,3.2957216625893695,2
