stereotype,total_correlation,rank
characterization,1.8214878019207879,6
componentOf,1.2119810047428166,10
creation,1.8243860673968708,5
derivation,1.6400386435943677,8
externalDependence,2.0241169112777464,3
instantiation,2.174903071082564,2
material,1.951701953286822,4
mediation,1.746042343963093,7
memberOf,1.502776920490155,9
participation,2.175386061052151,1
