stereotype,total_correlation_occurrence_wise,rank_total_correlation_occurrence_wise
characterization,1.9351672270402949,5
componentOf,1.383304454218318,10
creation,1.862844557775107,7
derivation,1.7342918022412892,8
externalDependence,2.062333708505773,3
instantiation,2.1788814709886895,2
material,2.023795240766566,4
mediation,1.8908678013253453,6
memberOf,1.5935777935904492,9
participation,2.2127916800108447,1
