stereotype,total_correlation_model_wise,rank_total_correlation_model_wise
characterization,1.7144863586908698,6
componentOf,1.0618761122167109,10
creation,1.7867215538837469,5
derivation,1.5509078397342484,8
externalDependence,1.9866083037982283,3
instantiation,2.170931935300726,1
material,1.8821768317929162,4
mediation,1.612309366511644,7
memberOf,1.4171498133578213,9
participation,2.138612756622801,2
