stereotype,total_correlation_occurrence_wise,rank_total_correlation_occurrence_wise
category,2.432758535833809,5
collective,2.1026408671998653,10
event,1.7905482714023822,12
kind,3.068870099771659,1
mode,2.8210199591163967,3
phase,2.1464265421687707,9
quality,1.884299510916446,11
relator,2.5126623405745314,4
role,2.336925045683243,6
roleMixin,2.1766035782061217,8
subkind,2.856257362772437,2
type,2.205216011684441,7
none,1.5922099704707113,13
other,1.0005532676155187,14
