Percentage,Top k Stereotypes (Occurrence-wise),Coverage (Occurrence-wise),Top k Stereotypes (Group-wise),Coverage (Group-wise)
10.0,2,0.7206073752711497,2,0.4819277108433735
20.0,4,0.9323210412147506,4,0.8072289156626506
30.0,6,0.9904555314533623,6,0.9518072289156626
40.0,8,0.9982646420824295,8,0.9759036144578314
50.0,10,1.0,10,1.0
60.0,12,1.0,12,1.0
70.0,14,1.0,14,1.0
80.0,16,1.0,16,1.0
90.0,18,1.0,18,1.0
100.0,20,1.0,20,1.0
