stereotype,total_correlation,rank
characterization,1.3176260367025314,5
derivation,1.8502065084761843,2
formal,1.6244034425100273,3
material,1.3640182190448475,4
mediation,1.9533225584381069,1
