Stereotype,characterization,componentOf,derivation,formal,material,mediation,memberOf
characterization,1.0,0.39048771140471733,0.22333199180194732,0.4364769396102895,0.08399670268769038,0.665989312103316,0.39286990279877526
componentOf,0.39048771140471733,1.0,0.4319196668576882,0.38648491465745277,0.3867669887441342,0.4439251093687929,0.5734664989925191
derivation,0.22333199180194732,0.4319196668576882,1.0,0.47800416095005727,0.696869360855048,0.5169575173799451,0.33512761558269133
formal,0.4364769396102895,0.38648491465745277,0.47800416095005727,1.0,0.35618764358152366,0.607172542374407,0.5380714255354283
material,0.08399670268769038,0.3867669887441342,0.696869360855048,0.35618764358152366,1.0,0.4136191264939108,0.2573879693035649
mediation,0.665989312103316,0.4439251093687929,0.5169575173799451,0.607172542374407,0.4136191264939108,1.0,0.47005812184587636
memberOf,0.39286990279877526,0.5734664989925191,0.33512761558269133,0.5380714255354283,0.2573879693035649,0.47005812184587636,1.0
