Stereotype,characterization,componentOf,derivation,formal,material,mediation,memberOf,subCollectionOf
characterization,1.0,0.3049634689455515,0.2599734734478726,0.27230724295894376,0.07299963950884314,0.6262025468086422,0.3865006029094686,0.08017837257372731
componentOf,0.3049634689455515,1.0,0.345903960984675,0.2345787158142091,0.334267617062936,0.24935216268401741,0.46046933104270676,0.23350056858164248
derivation,0.2599734734478726,0.345903960984675,1.0,0.49913718658749795,0.6024752331287779,0.4258672210719905,0.37190613902597885,0.38214458357880815
formal,0.27230724295894376,0.2345787158142091,0.49913718658749795,1.0,0.2393949488198693,0.3943307832364571,0.5185185185185185,0.3239757976459313
material,0.07299963950884314,0.334267617062936,0.6024752331287779,0.2393949488198693,1.0,0.2849614140875866,0.2393949488198693,0.1777575437524446
mediation,0.6262025468086422,0.24935216268401741,0.4258672210719905,0.3943307832364571,0.2849614140875866,1.0,0.3943307832364571,0.14345114601325779
memberOf,0.3865006029094686,0.46046933104270676,0.37190613902597885,0.5185185185185185,0.2393949488198693,0.3943307832364571,1.0,0.50709255283711
subCollectionOf,0.08017837257372731,0.23350056858164248,0.38214458357880815,0.3239757976459313,0.1777575437524446,0.14345114601325779,0.50709255283711,1.0
