Stereotype,characterization,derivation,formal,material,mediation
characterization,1.0,0.2599734734478726,0.27230724295894376,0.07299963950884314,0.6262025468086422
derivation,0.2599734734478726,1.0,0.49913718658749795,0.6024752331287779,0.4258672210719905
formal,0.27230724295894376,0.49913718658749795,1.0,0.2393949488198693,0.3943307832364571
material,0.07299963950884314,0.6024752331287779,0.2393949488198693,1.0,0.2849614140875866
mediation,0.6262025468086422,0.4258672210719905,0.3943307832364571,0.2849614140875866,1.0
