Stereotype,characterization,derivation,formal,material,mediation
characterization,1.0,0.24095724442478184,0.3447547418679478,0.07830535751870923,0.6457895968397387
derivation,0.24095724442478184,1.0,0.4884563973106803,0.6479556548417859,0.4692070559346614
formal,0.3447547418679478,0.4884563973106803,1.0,0.29200945653431964,0.4893126037556879
material,0.07830535751870923,0.6479556548417859,0.29200945653431964,1.0,0.34331543976258505
mediation,0.6457895968397387,0.4692070559346614,0.4893126037556879,0.34331543976258505,1.0
