stereotype,total_correlation,rank
characterization,2.1931525604067357,7
componentOf,2.6130508900253044,4
derivation,2.6822103134273774,3
formal,2.802397626709158,2
material,2.194827791665872,6
mediation,3.1177217295662487,1
memberOf,2.566981534058855,5
