Stereotype,characterization,derivation,formal,material,mediation
characterization,1.0,0.22333199180194732,0.4364769396102895,0.08399670268769038,0.665989312103316
derivation,0.22333199180194732,1.0,0.47800416095005727,0.696869360855048,0.5169575173799451
formal,0.4364769396102895,0.47800416095005727,1.0,0.35618764358152366,0.607172542374407
material,0.08399670268769038,0.696869360855048,0.35618764358152366,1.0,0.4136191264939108
mediation,0.665989312103316,0.5169575173799451,0.607172542374407,0.4136191264939108,1.0
