stereotype,total_correlation,rank
characterization,1.4097949462032435,5
derivation,1.915163030986998,2
formal,1.8778412865162775,3
material,1.5506728336181728,4
mediation,2.2037384983515786,1
