stereotype,total_correlation,rank
characterization,1.2314829027243013,4
derivation,1.787453114236139,1
formal,1.405170161602768,3
material,1.1998312355450769,5
mediation,1.7313619652046763,2
