stereotype,total_correlation,rank
characterization,2.0959865180683632,6
componentOf,2.377419333642111,5
derivation,2.7829184275501966,2
formal,2.637467049008869,4
material,2.0694590309854406,7
mediation,2.802136663899057,1
memberOf,2.718146299370921,3
