Percentage,Coverage
Top 10% Coverage,0.39809811973200776
Top 20% Coverage,0.5537065052950075
Top 30% Coverage,0.6794899502917657
Top 40% Coverage,0.8348822130970391
Top 50% Coverage,0.9062027231467473
Top 60% Coverage,0.9390533823211584
Top 70% Coverage,0.9744975145882862
Top 80% Coverage,0.9876810028095958
Top 90% Coverage,0.9954614220877458
Top 100% Coverage,1.0
