stereotype,total_correlation,rank
category,2.40887948318158,8
collective,2.1303829291576344,12
datatype,1.1463283772252446,15
event,2.335162104796769,10
kind,3.2543197480490704,1
mode,2.4568357946575365,6
phase,2.293403501216266,11
quality,2.5739613863841835,4
relator,2.4523050984174346,7
role,2.5424021505974825,5
roleMixin,2.0373322387239754,13
situation,2.6162840579409985,3
subkind,2.6983205195169218,2
type,2.3404914124430265,9
none,1.8153164863110358,14
