stereotype,total_correlation,rank
category,2.152594434641492,10
collective,1.977899963759329,13
datatype,1.223130754435386,15
event,2.4245372132815906,5
kind,2.9907866619522663,1
mixin,1.1226496679475528,16
mode,2.4936041409671796,2
phase,2.0562298108881327,11
quality,2.2972799948242066,7
relator,2.25187172663415,9
role,2.30889185979365,6
roleMixin,2.0272313314776804,12
situation,2.475048785063085,3
subkind,2.4404064541998185,4
type,2.2744552752632443,8
none,1.66682825963488,14
