stereotype,total_correlation,rank
category,2.7772236614592214,4
collective,2.1789879256422755,12
datatype,1.1623398693221607,15
event,2.7755775720541416,5
kind,3.456613378040317,1
mode,2.6123604393423845,8
phase,2.332196676171737,10
quality,2.678705979341835,6
relator,2.7985737917387503,3
role,2.668940541320034,7
roleMixin,2.1583405563939593,13
situation,2.461687302982998,9
subkind,2.868836120753018,2
type,2.322784419185756,11
none,1.5375564871146294,14
