Percentage,Top k Stereotypes (Occurrence-wise),Coverage (Occurrence-wise),Top k Stereotypes (Group-wise),Coverage (Group-wise)
10.0,2,0.5567334118570868,2,0.33636363636363636
20.0,4,0.7834053134406491,4,0.5981818181818181
30.0,6,0.9070802251014265,6,0.7672727272727272
40.0,8,0.9637482004973171,8,0.8654545454545455
50.0,11,0.9882214369846879,11,0.9563636363636364
60.0,13,0.9956811935610522,13,0.9854545454545455
70.0,15,1.0,15,1.0
80.0,17,1.0,17,1.0
90.0,19,1.0,19,1.0
100.0,22,1.0,22,1.0
