Percentage,Top k Stereotypes (Occurrence-wise),Coverage (Occurrence-wise),Top k Stereotypes (Group-wise),Coverage (Group-wise)
10.0,2,0.6985294117647058,2,0.4666666666666667
20.0,4,0.8676470588235294,4,0.7333333333333333
30.0,6,0.9852941176470589,6,0.9333333333333333
40.0,8,1.0,8,1.0
50.0,10,1.0,10,1.0
60.0,12,1.0,12,1.0
70.0,14,1.0,14,1.0
80.0,16,1.0,16,1.0
90.0,18,1.0,18,1.0
100.0,21,1.0,21,1.0
