stereotype,total_correlation,rank
characterization,2.2810954987231025,5
creation,2.2790326538957544,6
derivation,1.894183698508717,9
formal,1.2471321745703854,10
instantiation,2.6917130445999953,1
manifestation,2.682495589244298,2
material,1.935235312508424,8
mediation,1.9656421316074888,7
participation,2.623416468021672,3
none,0.9365867673178292,11
other,2.4809175912910932,4
