stereotype,total_correlation,rank
characterization,2.619241817210309,4
componentOf,1.8625441764496373,11
creation,2.464999527088956,7
derivation,2.2307365326790327,10
externalDependence,2.432820914421549,8
historicalDependence,2.629037300356663,3
instantiation,2.789270590081467,1
material,2.371796371604983,9
mediation,2.5196699775127978,6
memberOf,2.564849166743163,5
participation,2.7565014418917415,2
none,0.9145308337331537,13
other,1.4842559189395836,12
