stereotype,total_correlation,rank
characterization,1.9050250052863258,3
derivation,1.706206638526848,5
formal,1.190529516947128,7
material,1.8672248762699728,4
mediation,2.083350347170814,2
participation,1.5508005384666417,6
none,0.8559884920786632,8
other,2.23597435836641,1
