stereotype,total_correlation,rank
characterization,2.5463240136150254,4
componentOf,2.1107599474743783,7
derivation,2.323520782024953,5
externalDependence,2.162652300255262,6
formal,1.8047371721697951,9
material,2.638006965525382,3
mediation,2.783780481707535,1
memberOf,2.7625184458027694,2
participation,1.9841057756624383,8
none,1.185130168230323,11
other,1.3877969135783372,10
