Stereotype,characterization,componentOf,derivation,material,mediation,none,other
characterization,1.0,0.5773502691896258,0.3333333333333333,-0.5773502691896258,0.3333333333333333,,0.5773502691896258
componentOf,0.5773502691896258,1.0,0.5773502691896258,0.0,0.5773502691896258,,0.0
derivation,0.3333333333333333,0.5773502691896258,1.0,0.5773502691896258,1.0,,0.5773502691896258
material,-0.5773502691896258,0.0,0.5773502691896258,1.0,0.5773502691896258,,0.0
mediation,0.3333333333333333,0.5773502691896258,1.0,0.5773502691896258,1.0,,0.5773502691896258
none,,,,,,,
other,0.5773502691896258,0.0,0.5773502691896258,0.0,0.5773502691896258,,1.0
