Stereotype,characterization,derivation,formal,material,mediation,participation,none,other
characterization,1.0,0.08831049253261174,0.08691793475231986,0.18949241369336384,0.40246518691575606,0.32627418737841973,0.023059422943695056,0.4682604718090782
derivation,0.08831049253261174,1.0,0.1932382205322446,0.5194120567266172,0.44293235277288207,0.030692152253934506,0.03032998354213498,0.2184878732175567
formal,0.08691793475231986,0.1932382205322446,1.0,0.18127273352331927,0.1846051791239219,0.028237649782112736,0.1698637112161195,0.1520996926333237
material,0.18949241369336384,0.5194120567266172,0.18127273352331927,1.0,0.39438830765788796,0.039669209931559216,0.12831408800809266,0.26079907531061164
mediation,0.40246518691575606,0.44293235277288207,0.1846051791239219,0.39438830765788796,1.0,0.11645624632052294,0.14227493946186687,0.2770570763272043
participation,0.32627418737841973,0.030692152253934506,0.028237649782112736,0.039669209931559216,0.11645624632052294,1.0,0.04614631766138197,0.3386543163896231
none,0.023059422943695056,0.03032998354213498,0.1698637112161195,0.12831408800809266,0.14227493946186687,0.04614631766138197,1.0,0.10226006041843991
other,0.4682604718090782,0.2184878732175567,0.1520996926333237,0.26079907531061164,0.2770570763272043,0.3386543163896231,0.10226006041843991,1.0
