stereotype,total_correlation,rank
characterization,2.7299921416121875,5
componentOf,1.6767865859854933,6
derivation,3.1633575785785224,3
material,3.370857949228073,1
mediation,3.1633575785785224,3
none,3.2709713397207008,2
other,1.5941847537352078,7
