stereotype,total_correlation,rank
characterization,1.590954991931575,4
derivation,1.5368842502683426,5
formal,1.1364958419187743,6
material,1.8016045470161597,3
mediation,2.2081072639134183,1
participation,0.916736758888318,7
none,0.7823261273159301,8
other,2.0152145919003495,2
