stereotype,total_correlation,rank
characterization,2.2788754434122045,4
componentOf,1.9331770500553598,6
derivation,2.088141361446425,5
externalDependence,1.8150281575662208,7
material,2.4167705999560853,3
mediation,2.626950076250905,1
memberOf,2.519962623281413,2
participation,1.693468880453992,8
none,0.8830094988562954,10
other,1.419081860520185,9
