stereotype,total_correlation,rank
characterization,2.146540529093852,5
componentOf,2.1596990392539346,4
derivation,2.1208509812562655,6
externalDependence,1.5295016723694177,8
formal,1.7515484302826225,7
material,2.6070978423080033,3
mediation,2.8882499955094136,1
memberOf,2.658859072683251,2
participation,1.1578173697018959,11
none,1.2320168049838727,10
other,1.2997523058868605,9
