Stereotype,characterization,componentOf,derivation,material,mediation,none,other
characterization,1.0,0.6324555320336759,-0.2581988897471611,-0.7378647873726218,-0.2581988897471611,-0.7378647873726218,0.10540925533894598
componentOf,0.6324555320336759,1.0,0.2721655269759087,-0.05555555555555555,0.2721655269759087,0.05555555555555555,-0.3888888888888889
derivation,-0.2581988897471611,0.2721655269759087,1.0,0.816496580927726,1.0,0.5443310539518174,0.2721655269759087
material,-0.7378647873726218,-0.05555555555555555,0.816496580927726,1.0,0.816496580927726,0.8888888888888888,-0.05555555555555555
mediation,-0.2581988897471611,0.2721655269759087,1.0,0.816496580927726,1.0,0.5443310539518174,0.2721655269759087
none,-0.7378647873726218,0.05555555555555555,0.5443310539518174,0.8888888888888888,0.5443310539518174,1.0,-0.5
other,0.10540925533894598,-0.3888888888888889,0.2721655269759087,-0.05555555555555555,0.2721655269759087,-0.5,1.0
