stereotype,total_correlation,rank
characterization,2.398717474235544,3
componentOf,1.7320508075688772,5
derivation,3.0653841409022107,1
material,1.7320508075688772,5
mediation,3.0653841409022107,1
none,-1.0,7
other,1.7320508075688776,4
