Percentage,Top k Stereotypes (Occurrence-wise),Coverage (Occurrence-wise),Top k Stereotypes (Group-wise),Coverage (Group-wise)
10.0,2,0.5217391304347826,2,0.2631578947368421
20.0,4,0.6630434782608695,4,0.47368421052631576
30.0,6,0.782608695652174,6,0.5789473684210527
40.0,8,0.8804347826086957,8,0.6842105263157895
50.0,10,0.9456521739130435,10,0.7894736842105263
60.0,12,0.9782608695652174,12,0.8947368421052632
70.0,14,1.0,14,1.0
80.0,16,1.0,16,1.0
90.0,18,1.0,18,1.0
100.0,21,1.0,21,1.0
