year,num_class,ontouml_class,none_class,other_class,num_relation,ontouml_relation,none_relation,other_relation,ratio_class,cumulative_class,cumulative_ratio_class,ratio_ontouml_class,cumulative_ontouml_class,cumulative_ratio_ontouml_class,ratio_none_class,cumulative_none_class,cumulative_ratio_none_class,ratio_other_class,cumulative_other_class,cumulative_ratio_other_class,ratio_relation,cumulative_relation,cumulative_ratio_relation,ratio_ontouml_relation,cumulative_ontouml_relation,cumulative_ratio_ontouml_relation,ratio_none_relation,cumulative_none_relation,cumulative_ratio_none_relation,ratio_other_relation,cumulative_other_relation,cumulative_ratio_other_relation,ratio_ontouml_to_total_class,ratio_none_to_total_class,ratio_other_to_total_class,ratio_ontouml_to_total_relation,ratio_none_to_total_relation,ratio_other_to_total_relation,cumulative_ratio_ontouml_to_total_class,cumulative_ratio_none_to_total_class,cumulative_ratio_other_to_total_class,cumulative_ratio_ontouml_to_total_relation,cumulative_ratio_none_to_total_relation,cumulative_ratio_other_to_total_relation
2015,29,29,0,0,21,3,9,9,0.19333333333333333,29,0.19333333333333333,0.19594594594594594,29,0.19594594594594594,,0,,0.0,0,0.0,0.15441176470588236,21,0.15441176470588236,0.06666666666666667,3,0.06666666666666667,0.1111111111111111,9,0.1111111111111111,0.9,9,0.9,0.19333333333333333,0.0,0.0,0.022058823529411766,0.0661764705882353,0.0661764705882353,0.19333333333333333,0.0,0.0,0.022058823529411766,0.0661764705882353,0.0661764705882353
2018,65,63,0,2,84,25,58,1,0.43333333333333335,94,0.6266666666666667,0.42567567567567566,92,0.6216216216216216,,0,,1.0,2,1.0,0.6176470588235294,105,0.7720588235294118,0.5555555555555556,28,0.6222222222222222,0.7160493827160493,67,0.8271604938271605,0.1,10,1.0,0.42,0.0,0.013333333333333334,0.18382352941176472,0.4264705882352941,0.007352941176470588,0.6133333333333333,0.0,0.013333333333333334,0.20588235294117646,0.49264705882352944,0.07352941176470588
2019,56,56,0,0,31,17,14,0,0.37333333333333335,150,1.0,0.3783783783783784,148,1.0,,0,,0.0,2,1.0,0.22794117647058823,136,1.0,0.37777777777777777,45,1.0,0.1728395061728395,81,1.0,0.0,10,1.0,0.37333333333333335,0.0,0.0,0.125,0.10294117647058823,0.0,0.9866666666666667,0.0,0.013333333333333334,0.33088235294117646,0.5955882352941176,0.07352941176470588
