year,num_models,ratio
2005,1,0.00819672131147541
2007,1,0.00819672131147541
2011,1,0.00819672131147541
2012,2,0.01639344262295082
2013,2,0.01639344262295082
2014,1,0.00819672131147541
2015,8,0.06557377049180328
2016,4,0.03278688524590164
2017,8,0.06557377049180328
2018,10,0.08196721311475409
2019,7,0.05737704918032787
2020,17,0.13934426229508196
2021,17,0.13934426229508196
2022,17,0.13934426229508196
2023,17,0.13934426229508196
2024,9,0.07377049180327869
