year,num_models,ratio
2005,1,0.008130081300813009
2007,1,0.008130081300813009
2011,1,0.008130081300813009
2012,2,0.016260162601626018
2013,2,0.016260162601626018
2014,1,0.008130081300813009
2015,8,0.06504065040650407
2016,4,0.032520325203252036
2017,8,0.06504065040650407
2018,10,0.08130081300813008
2019,7,0.056910569105691054
2020,17,0.13821138211382114
2021,17,0.13821138211382114
2022,17,0.13821138211382114
2023,17,0.13821138211382114
2024,10,0.08130081300813008
