year,num_models,ratio
2019,7,0.09722222222222222
2020,16,0.2222222222222222
2021,16,0.2222222222222222
2022,15,0.20833333333333334
2023,13,0.18055555555555555
2024,5,0.06944444444444445
