Percentage,Top k Stereotypes (Occurrence-wise),Coverage (Occurrence-wise),Top k Stereotypes (Group-wise),Coverage (Group-wise)
10.0,4,0.5892707460184409,4,0.39849624060150374
20.0,8,0.8319362950544845,8,0.6766917293233082
30.0,12,0.9287510477787091,12,0.8571428571428571
40.0,16,0.9794635373009221,16,0.9573934837092731
50.0,20,0.9970662196144174,20,0.9899749373433584
60.0,24,1.0,24,1.0
70.0,28,1.0,28,1.0
80.0,32,1.0,32,1.0
90.0,36,1.0,36,1.0
100.0,40,1.0,40,1.0
