stereotype,total_correlation,rank
category,1.5111432492008148,15
collective,2.1466572492272977,10
datatype,2.2517330108029374,9
kind,2.1175206336684185,11
phase,2.7216165329967126,7
relator,3.505161295140293,2
role,2.92280897144324,6
roleMixin,2.0297886462311894,12
subkind,2.531167007023024,8
characterization,1.818249568172904,13
componentOf,2.9532428878755215,5
derivation,3.0687990029723577,4
material,3.2867928492902214,3
mediation,3.53972616318696,1
memberOf,1.685716706214344,14
