Group,DistanceFromOrigin
sortal,4689.785735758576
non_sortal,663.3940564983862
rigid,3266.9405648072866
non_rigid,1950.158395347443
abstracts,33.01961367186538
temporal,139.08261516331174
other,58.034472514187634
none,228.13551264197898
rigid_sortal,2981.771174004813
rigid_non_sortal,285.16939080247374
non_rigid_sortal,1571.9337296515305
non_rigid_non_sortal,378.2246656959125
undef,286.1699851561666
