stereotype,total_correlation,rank
category,5.3300273499555795,2
event,3.279462443215056,16
kind,4.703039736205178,9
mode,5.000502033354233,5
phase,4.019135934916344,13
relator,4.372324673224692,11
role,3.7959118347922365,15
roleMixin,4.091162262663213,12
subkind,3.9726890788298594,14
type,4.61126349860407,10
characterization,4.882878650433139,8
componentOf,5.12975028821741,4
derivation,4.890360696884718,7
material,5.23619295248924,3
mediation,5.708126017904308,1
memberOf,4.986982870192068,6
