stereotype,total_correlation,rank
category,2.06414234712628,11
collective,2.1511538487118433,9
datatype,1.3358103467370723,15
event,2.4015285027453768,3
kind,2.942216076974431,1
mixin,1.2492446867158589,16
mode,2.220380889834508,7
phase,2.142636544520307,10
quality,2.2479696474520963,4
relator,1.9610533949305844,12
role,2.242014811067914,6
situation,2.5161615033289646,2
subkind,2.2443442012574777,5
type,2.1546342134098215,8
none,1.7789490390539484,13
other,1.66205333964142,14
