stereotype,total_correlation,rank
category,2.4485365414499536,8
collective,2.2643621533641873,12
datatype,1.3090261028264938,15
event,2.4596545554100717,7
kind,3.1958033926333984,1
mode,2.5544765275382173,3
phase,2.2791098706375967,11
quality,2.477578896153986,6
relator,2.359708694472048,9
role,2.491289048729386,5
roleMixin,2.0091780762608664,13
situation,2.5255570940995353,4
subkind,2.5899797675105583,2
type,2.300552119442094,10
none,1.8459231442417314,14
