stereotype,total_correlation,rank
category,2.922910689574648,2
collective,2.4001940861657496,12
datatype,1.3980009851461155,15
enumeration,1.0358909704576345,16
event,2.588221032758658,8
kind,3.4740125404834936,1
mode,2.758436732564408,4
phase,2.4321172137538003,10
quality,2.6840588766696536,7
relator,2.7522427276360144,5
role,2.7280063521442597,6
roleMixin,2.116496205623649,13
situation,2.5698038101199554,9
subkind,2.9219617969569716,3
type,2.402088133619844,11
none,1.884984770846601,14
