stereotype,total_correlation,rank
category,2.0511510037578886,11
collective,2.1362172297403212,9
datatype,1.2257139702244362,16
event,2.3374744488113617,4
kind,2.939874052079769,1
mixin,1.3317098233038487,15
mode,2.3655972430722927,3
phase,2.1357283987232765,10
quality,2.2869830613716076,6
relator,2.0231591737367194,12
role,2.2751124165970267,7
roleMixin,1.9073015729493492,13
situation,2.4820722151776837,2
subkind,2.295716255804569,5
type,2.2033080219641574,8
none,1.8076709728094538,14
