stereotype,total_correlation,rank
category,2.9320043106844227,3
collective,2.301903604609836,12
datatype,1.4069644154704375,15
enumeration,1.0533758752357385,16
event,2.5032088986240892,9
kind,3.5435590629814673,1
mode,2.740352525040792,7
phase,2.477793553915147,10
quality,2.8078146519575884,6
relator,2.852102814893986,5
role,2.8597796055136495,4
roleMixin,2.099293041269422,13
situation,2.592900656906964,8
subkind,2.936934736066266,2
type,2.4076717125865494,11
none,1.8687927076345048,14
