stereotype,total_correlation,rank
characterization,2.329874864185021,9
componentOf,2.077712987433698,12
creation,2.5759950438201673,6
derivation,2.344163386580761,8
externalDependence,2.8950141255679376,5
historicalDependence,3.2182471217067845,4
instantiation,4.072309723705176,2
manifestation,4.176498123640378,1
material,2.572101594591917,7
mediation,2.2912060857714387,10
memberOf,2.239775423185397,11
participation,3.582615945405199,3
none,1.5076526977667057,14
other,1.7384049402281028,13
