stereotype,total_correlation,rank
characterization,2.1191343977006682,10
componentOf,1.9837761398213738,12
creation,2.4223866569400165,6
derivation,2.1448029339240087,9
externalDependence,2.7493811657888307,5
historicalDependence,3.0054538290836943,4
instantiation,3.844867433695109,2
manifestation,3.938481947153366,1
material,2.4039671931220914,7
mediation,2.0798607278780956,11
memberOf,2.1758308492314113,8
participation,3.237844272353425,3
none,1.572940431690943,13
other,1.4611124668375268,14
