Percentage,Top k Stereotypes (Occurrence-wise),Coverage (Occurrence-wise),Top k Stereotypes (Group-wise),Coverage (Group-wise)
10.0,4,0.5958549222797928,4,0.38235294117647056
20.0,8,0.7927461139896373,8,0.6470588235294118
30.0,12,0.9222797927461139,12,0.7941176470588235
40.0,16,0.9844559585492227,16,0.9117647058823529
50.0,20,1.0,20,1.0
60.0,24,1.0,24,1.0
70.0,28,1.0,28,1.0
80.0,32,1.0,32,1.0
90.0,36,1.0,36,1.0
100.0,40,1.0,40,1.0
