stereotype,total_correlation,rank
category,2.8746383950846726,9
event,2.1692179753799135,15
kind,3.66798946483416,4
mode,3.33266837542614,5
phase,2.8508970986220192,10
quality,2.7065625738191814,11
relator,3.774488289354224,3
role,3.2189772621890524,8
subkind,3.281423928905715,7
type,2.67002249084519,13
characterization,4.011833077436154,2
derivation,2.6949705468311254,12
formal,1.634426048239999,16
material,3.3010534921345895,6
mediation,4.500100729414568,1
participation,2.474500661851817,14
