year,num_models,ratio
2019,7,0.08333333333333333
2020,17,0.20238095238095238
2021,17,0.20238095238095238
2022,17,0.20238095238095238
2023,17,0.20238095238095238
2024,9,0.10714285714285714
