year,num_models,ratio
2019,7,0.08433734939759036
2020,17,0.20481927710843373
2021,17,0.20481927710843373
2022,17,0.20481927710843373
2023,17,0.20481927710843373
2024,8,0.0963855421686747
