Percentage,Coverage
Top 10% Coverage,0.5390883626177744
Top 20% Coverage,0.7155589508530685
Top 30% Coverage,0.8222561751973516
Top 40% Coverage,0.8887191240132417
Top 50% Coverage,0.9233511586452763
Top 60% Coverage,0.9556913674560733
Top 70% Coverage,0.9735166793990323
Top 80% Coverage,0.9859943977591037
Top 90% Coverage,0.9938884644766998
Top 100% Coverage,1.0
