stereotype,total_correlation,rank
bringsAbout,2.5223882011537824,10
characterization,2.681730337349567,7
componentOf,2.24461092414755,12
creation,2.7527476687887864,5
derivation,2.051339006311537,13
externalDependence,2.722575351553097,6
historicalDependence,3.322947600007464,4
instantiation,3.6547433174532062,1
manifestation,3.5734033447433506,3
material,2.646646648988876,8
mediation,2.466945431161144,11
memberOf,2.5994173410792767,9
participation,3.611077086917941,2
