stereotype,total_correlation,rank
bringsAbout,2.7864021528253793,8
characterization,3.046695524598138,7
componentOf,2.1154913577519743,12
creation,3.322221368001326,5
derivation,2.096778093208182,13
externalDependence,3.1060810038080144,6
historicalDependence,3.5414478293149334,4
instantiation,3.6337890841676677,3
manifestation,4.16862086901279,1
material,2.6124005519197633,9
mediation,2.435861016363373,10
memberOf,2.419335875116574,11
participation,4.105117660214738,2
