stereotype,total_correlation,rank
characterization,2.4033342780441895,4
componentOf,1.4744868748225817,10
creation,2.24712983592073,5
derivation,1.8526651431172039,9
externalDependence,2.6905061464639926,3
instantiation,3.1898786445814915,1
material,2.0706603379592994,7
mediation,2.2161634541814084,6
memberOf,1.9268373870247129,8
participation,3.067362411935827,2
none,1.270088096352407,12
other,1.4190562394454287,11
