stereotype,total_correlation,rank
characterization,2.072643754446517,5
componentOf,1.3697189821287203,11
creation,1.844766628964249,8
derivation,1.6059991376059637,9
externalDependence,2.253562092655286,3
instantiation,2.4855749618257468,1
material,1.8842762803591553,6
mediation,2.217788182111269,4
memberOf,1.8448615717749792,7
participation,2.4185655056724373,2
none,1.4917909028154779,10
other,1.2475440352642777,12
