stereotype,geometric_mean_correlation,rank
category,1.2449295332892012,7
collective,0.9572035982320799,10
datatype,1.3260976854749071,6
kind,1.2192302955476177,8
mode,1.485860835402049,5
phase,1.7642124819386023,2
relator,1.856466493225843,1
role,1.7050524296899388,4
roleMixin,1.1393879406683078,9
subkind,1.7557191059216455,3
