stereotype,total_correlation_occurrence_wise,rank_total_correlation_occurrence_wise
category,1.254084936800235,7
collective,1.035350976576332,11
datatype,1.4277009947643253,6
kind,1.1059011873718059,10
mode,1.2519462173018487,8
phase,2.0323269826129287,3
quality,1.8955346531566435,4
relator,2.067065834068371,2
role,1.5884360714295385,5
roleMixin,1.2226195248795806,9
subkind,2.1516866270171655,1
