Percentage,Coverage
Top 10% Coverage,0.5520140105078809
Top 20% Coverage,0.7194395796847636
Top 30% Coverage,0.8596614127262113
Top 40% Coverage,0.923409223584355
Top 50% Coverage,0.9570344424985405
Top 60% Coverage,0.9720957384705196
Top 70% Coverage,0.982019848219498
Top 80% Coverage,0.9904261529480444
Top 90% Coverage,0.9959136018680678
Top 100% Coverage,1.0
