stereotype,total_correlation,rank
characterization,1.9866032530258981,6
componentOf,1.3185778504747394,11
creation,2.0934126271661118,5
derivation,1.82272458354841,8
externalDependence,2.140945917527236,3
instantiation,2.354888085742578,2
material,2.1303786328295304,4
mediation,1.9572460385013999,7
memberOf,1.8036871496459579,9
participation,2.3862416467651415,1
none,1.6940152003943716,10
other,1.1638740767939924,12
