stereotype,total_correlation,rank
characterization,2.328713278369711,5
componentOf,1.7633700038093827,11
creation,2.278821533053031,6
derivation,2.1720137115196785,8
externalDependence,2.447666681676239,2
instantiation,2.3734839111603985,3
material,2.3415210929351136,4
mediation,2.255924135617304,7
memberOf,1.9151234473864234,10
participation,2.6765735670370217,1
none,1.9609782097396993,9
other,1.3703990395128276,12
