stereotype,total_correlation,rank
characterization,1.5840197566559941,5
componentOf,1.433854048248057,7
derivation,1.765321841251115,4
material,2.014995357452398,2
mediation,2.070502133887879,1
memberOf,1.832547849825634,3
participation,1.3961904605873527,8
none,1.5623598305537172,6
other,1.1324882990335403,9
