stereotype,total_correlation,rank
characterization,1.2630194708755993,7
componentOf,1.5592082264517964,5
derivation,1.7097268733444166,4
material,1.905861346892137,2
mediation,2.1903117963220713,1
memberOf,1.8618703485023635,3
participation,0.8169113152801255,9
none,1.4409364447022521,6
other,1.101948890365131,8
