stereotype,total_correlation,rank
characterization,2.533613630424255,5
componentOf,1.6392109742194256,11
creation,2.7463527276439446,4
derivation,2.2340714479911115,7
externalDependence,2.8077652384647953,3
instantiation,3.002017467945447,2
material,2.3483641567748412,6
mediation,2.1330094659226857,8
memberOf,1.848479804157301,10
participation,3.2071999980733104,1
none,2.0826260648221298,9
other,1.3982738175534115,12
