Percentage,Coverage
Top 10% Coverage,0.5577127659574468
Top 20% Coverage,0.7147606382978723
Top 30% Coverage,0.8586436170212766
Top 40% Coverage,0.9158244680851064
Top 50% Coverage,0.9530585106382978
Top 60% Coverage,0.9702127659574468
Top 70% Coverage,0.9809840425531915
Top 80% Coverage,0.9894946808510638
Top 90% Coverage,0.995345744680851
Top 100% Coverage,1.0
