stereotype,total_correlation,rank
characterization,2.442005750659116,4
componentOf,1.6629520603955297,11
creation,2.2275778327828872,6
derivation,1.8606202257477125,10
externalDependence,2.3432668847336133,5
historicalDependence,2.4571837785446253,3
instantiation,2.636879686424173,1
material,2.0704864930842017,9
mediation,2.1927104393737133,7
memberOf,2.178824403720451,8
participation,2.6142533542379707,2
