stereotype,total_correlation,rank
bringsAbout,2.4925806957019354,8
characterization,3.150570459513027,6
componentOf,1.7751446312690171,13
creation,3.1023879944104698,7
derivation,2.0879651611484618,11
externalDependence,3.1571916262872577,5
historicalDependence,3.4858118766386355,4
instantiation,3.6494575499507356,3
manifestation,4.003349052549761,1
material,2.2590416725647993,9
mediation,2.2320666755994494,10
memberOf,2.0555930128439583,12
participation,3.9355015803769433,2
