stereotype,total_correlation,rank
characterization,2.999174628166786,6
componentOf,1.9092930699378177,12
creation,2.9243493314946214,7
derivation,2.1370054691628813,11
externalDependence,3.06279340958557,5
historicalDependence,3.1583340431212914,4
instantiation,3.4767359542458642,3
manifestation,3.7231574734555117,1
material,2.325390330704997,9
mediation,2.4411475659014523,8
memberOf,2.144915436278752,10
participation,3.6017846040452257,2
