stereotype,total_correlation,rank
characterization,3.0739406283178665,6
componentOf,1.8409973771353552,12
creation,3.0120534951244142,7
derivation,2.1123430045321285,10
externalDependence,3.109634336347501,5
historicalDependence,3.318035309924281,4
instantiation,3.562050010514696,3
manifestation,3.86071223271713,1
material,2.2919759296384044,9
mediation,2.334267365163927,8
memberOf,2.099779317917898,11
participation,3.7649474101768448,2
