stereotype,total_correlation,rank
characterization,2.3155788268107895,2
componentOf,1.9062684823007507,9
creation,1.9583977923492162,8
derivation,1.836928038588352,10
externalDependence,2.0158786731092775,7
instantiation,2.189199038574917,5
material,2.2350252434610502,4
mediation,2.5779224534790446,1
memberOf,2.2543459814228397,3
participation,2.18659194162589,6
