year,num_models,ratio
2013,37,0.8604651162790697
2021,2,0.046511627906976744
2022,2,0.046511627906976744
2023,2,0.046511627906976744
