Percentage,Top k Stereotypes (Occurrence-wise),Coverage (Occurrence-wise),Top k Stereotypes (Group-wise),Coverage (Group-wise)
10.0,2,0.5866666666666667,2,0.2692307692307692
20.0,4,0.72,4,0.5
30.0,6,0.8266666666666667,6,0.6538461538461539
40.0,9,0.9266666666666666,9,0.7692307692307693
50.0,11,0.9666666666666667,11,0.8461538461538461
60.0,13,0.9866666666666667,13,0.9230769230769231
70.0,16,1.0,16,1.0
80.0,18,1.0,18,1.0
90.0,20,1.0,20,1.0
100.0,23,1.0,23,1.0
