stereotype,total_correlation,rank
category,2.289979279790881,4
collective,2.132636618718699,8
event,1.996901226304414,9
kind,2.7833219112296668,1
mode,2.6566501511932774,2
phase,2.1979123553219067,5
quality,1.8087579925702961,12
relator,1.9669056566889975,10
role,2.175455238954627,7
subkind,2.3602570603325814,3
type,2.1875969748570463,6
none,1.4123971821609436,13
other,1.8721107248271074,11
