stereotype,total_correlation,rank
category,2.379925893072058,4
collective,2.1570244632336006,9
event,2.018246107645285,11
kind,2.716502290223395,2
mode,2.838909610748725,1
phase,2.2674163162205985,6
quality,1.8762276424110635,12
relator,2.112291075305363,10
role,2.28406239339533,5
roleMixin,2.2016784570821004,8
subkind,2.3885858538340075,3
type,2.2387079841743014,7
none,1.4223812921886045,13
