stereotype,total_correlation,rank
category,2.206507225753785,6
collective,2.2237336922708497,5
datatype,1.447834455697301,15
event,2.269818658880506,4
kind,2.570662605238083,2
mixin,1.6652738547791004,14
mode,2.65832909173754,1
phase,2.2052331031496326,7
quality,1.9319705275151313,11
relator,1.675294106041889,13
role,2.0925098744963244,9
situation,2.2727709180664895,3
subkind,2.020321217545272,10
type,2.0970012600800163,8
none,1.3422585381852064,16
other,1.812070996950041,12
