stereotype,total_correlation,rank
category,2.498960508552643,5
collective,2.1178003521669906,10
event,1.7966320928317145,12
kind,3.075445313945009,1
mode,2.868251359379172,2
phase,2.183161816118183,9
quality,1.9246474726243954,11
relator,2.551391655520368,4
role,2.383885470280186,6
roleMixin,2.2146164841603624,8
subkind,2.8606992309123727,3
type,2.2264235695550925,7
none,1.594752619592649,13
other,0.9703779152122474,14
