stereotype,total_correlation,rank
category,9.488033871712586,1
collective,5.488033871712584,13
datatype,9.488033871712586,1
enumeration,9.488033871712586,1
event,9.488033871712586,1
kind,-1.0,15
mixin,9.488033871712586,1
mode,5.488033871712584,13
quality,6.928203230275512,9
quantity,9.488033871712586,1
relator,6.928203230275512,9
role,5.4880338717125845,11
situation,9.488033871712586,1
subkind,9.488033871712586,1
other,5.4880338717125845,11
