stereotype,total_correlation,rank
category,6.047239988493931,6
enumeration,7.351284309270662,1
event,7.351284309270662,1
kind,6.258228512649308,5
mode,4.3184887502820155,11
quality,3.965042702963281,12
quantity,7.351284309270662,1
relator,4.6207536829370985,9
role,5.076512233955578,8
situation,7.351284309270662,1
subkind,6.047239988493931,6
other,4.61858755171542,10
