stereotype,total_correlation,rank
category,2.3766090773077386,4
collective,2.045271411459087,9
event,1.7567987169436687,11
kind,3.013573561052241,1
mode,2.6549722710298984,3
phase,2.1906159102985776,8
quality,1.6934034081228004,12
relator,2.3092768298788746,5
role,2.2616884892045217,7
subkind,2.7573899350611395,2
type,2.282106651772396,6
none,1.4862008647554,13
other,1.9341397615831415,10
