year,abstract,category,collective,datatype,enumeration,event,historicalRole,historicalRoleMixin,kind,mixin,mode,phase,phaseMixin,quality,quantity,relator,role,roleMixin,situation,subkind,type,none,other
2015,0.0,0.0,0.0,0.006666666666666667,0.03333333333333333,0.02,0.0,0.0,0.02666666666666667,0.006666666666666667,0.0,0.0,0.0,0.013333333333333334,0.04,0.0,0.02,0.0,0.02666666666666667,0.0,0.0,0.0,0.0
2018,0.0,0.04666666666666667,0.006666666666666667,0.0,0.0,0.0,0.0,0.0,0.14,0.0,0.02,0.0,0.0,0.0,0.0,0.04,0.013333333333333334,0.0,0.0,0.15333333333333332,0.0,0.0,0.013333333333333334
2019,0.0,0.03333333333333333,0.0,0.0,0.0,0.0,0.0,0.0,0.07333333333333333,0.0,0.0,0.0,0.0,0.04,0.0,0.013333333333333334,0.02,0.0,0.0,0.19333333333333333,0.0,0.0,0.0
