stereotype,total_correlation,rank
characterization,1.2030059428955573,3
componentOf,0.7322205816992775,6
derivation,1.5392775064097748,1
material,1.1179022923648723,4
mediation,1.3442071019592539,2
memberOf,0.8000069216344856,5
