stereotype,total_correlation,rank
bringsAbout,4.439980235466829,3
characterization,3.3557170734253736,6
componentOf,1.6940212751496047,11
derivation,2.1742062945805873,8
externalDependence,4.530111975463962,2
historicalDependence,4.439980235466829,3
manifestation,4.439980235466829,3
material,2.0183666933160707,9
mediation,2.5324329657768643,7
memberOf,1.9009120396162285,10
participation,4.65373735308157,1
subCollectionOf,1.404047202673027,12
