stereotype,geometric_mean_correlation,rank
characterization,1.714628449233433,8
componentOf,1.1768910800957468,10
derivation,1.9193449904502795,4
externalDependence,2.0086646582437924,3
instantiation,2.128318676509653,1
material,2.035014014647461,2
mediation,1.766452321660941,6
memberOf,1.3423224450941889,9
participation,1.846427099193017,5
none,1.7600975769180076,7
other,0.9700474118319444,11
