Percentage,Top k Stereotypes (Occurrence-wise),Coverage (Occurrence-wise),Top k Stereotypes (Group-wise),Coverage (Group-wise)
10.0,2,0.5945945945945946,2,0.28
20.0,4,0.7297297297297297,4,0.52
30.0,6,0.8378378378378378,6,0.68
40.0,8,0.9121621621621622,8,0.76
50.0,10,0.9594594594594594,10,0.84
60.0,12,0.9864864864864865,12,0.92
70.0,14,1.0,14,1.0
80.0,16,1.0,16,1.0
90.0,18,1.0,18,1.0
100.0,21,1.0,21,1.0
