stereotype,total_correlation,rank
category,2.2322321513300234,4
collective,1.991851278320204,8
event,1.794347202974934,11
kind,2.702114243779142,1
mode,2.6077135988630746,2
phase,2.2042278597129736,5
quality,1.6493761183180995,12
relator,1.873569542922449,10
role,2.1799727769886634,6
roleMixin,1.9627598717154309,9
subkind,2.298448781729224,3
type,2.1046439869796107,7
