stereotype,total_correlation,rank
category,1.8779024320743263,8
collective,2.055513822645974,5
datatype,1.4395850227042453,13
event,1.8694339631650538,9
kind,2.3437238338816835,1
mixin,1.5344982684547932,12
mode,2.3319761763224136,2
phase,2.152529026604735,3
quality,1.7445274920574412,11
relator,1.4209767902204136,14
role,2.0183995096922502,6
situation,2.0850046843358228,4
subkind,1.9701993320576774,7
type,1.7670239403577792,10
