stereotype,total_correlation,rank
category,9.154700538379252,1
collective,5.154700538379251,11
datatype,9.154700538379252,1
enumeration,9.154700538379252,1
event,9.154700538379252,1
kind,-1.0,14
mixin,9.154700538379252,1
mode,5.154700538379251,11
quality,6.350852961085886,9
quantity,9.154700538379252,1
relator,6.350852961085886,9
role,4.4880338717125845,13
situation,9.154700538379252,1
subkind,9.154700538379252,1
