stereotype,total_correlation,rank
category,2.311908557197166,4
collective,1.8968344115278613,10
event,1.4842304679981613,12
kind,2.9884074286281272,1
mode,2.5668556954211237,3
phase,2.132016863392667,7
quality,1.5833610812285457,11
relator,2.3051132940395433,5
role,2.3003510778691387,6
roleMixin,1.955350881431245,9
subkind,2.706680783142398,2
type,2.0692338140698725,8
