stereotype,total_correlation,rank
category,2.1605508067034718,4
collective,2.00076991610926,8
datatype,1.3785573922073922,15
event,2.12313492195135,6
kind,2.469094788403229,2
mixin,1.707675716847139,13
mode,2.591675095012314,1
phase,2.139963926497109,5
quality,1.8705212723850169,12
relator,1.6053213113419385,14
role,2.056292150383382,7
roleMixin,1.930848937709789,11
situation,2.202819868906757,3
subkind,1.9994869780744997,9
type,1.9938977667616617,10
