stereotype,total_correlation,rank
category,2.2973970709786395,4
collective,1.9268737089706987,10
event,1.5128608701146602,12
kind,2.9450880259618897,1
mode,2.5692287758803265,3
phase,2.179668484782004,7
quality,1.520024677247791,11
relator,2.2409511107908644,6
role,2.2750273426219128,5
roleMixin,2.009472174192586,9
subkind,2.6658068486851874,2
type,2.1706254727602077,8
