stereotype,total_correlation,rank
category,1.9199477000350038,7
collective,1.9717281696938602,6
event,1.4936358099940032,11
kind,2.5598554651151852,1
mode,2.3003231535859054,2
phase,2.1136205447827945,4
quality,1.6146443190368887,10
relator,1.7037573453422723,9
role,2.075137451700576,5
subkind,2.289719880732746,3
type,1.770608407681569,8
