stereotype,total_correlation,rank
category,1.9629343398836405,7
collective,1.8913577385530864,8
event,1.193381513792188,11
kind,2.7959181485248674,1
mode,2.269099772394852,3
phase,2.0754153612388224,5
quality,1.4944311791403146,10
relator,2.0428124595599364,6
role,2.1334703178296635,4
subkind,2.6610592374666875,2
type,1.7742001462175372,9
