year,num_models,ratio
2019,7,0.08536585365853659
2020,17,0.2073170731707317
2021,17,0.2073170731707317
2022,17,0.2073170731707317
2023,17,0.2073170731707317
2024,7,0.08536585365853659
