stereotype,total_correlation,rank
characterization,2.1192781346587046,4
componentOf,1.741260285415887,8
derivation,1.9279305549533352,7
externalDependence,1.9845259054306965,5
material,2.3965024622678364,1
mediation,2.3019942078977005,2
memberOf,2.141446954787026,3
participation,1.9291315914178457,6
none,1.0661631196867656,10
other,1.6976039117154993,9
