stereotype,total_correlation,rank
characterization,1.732861355265673,4
componentOf,1.723093069659909,5
derivation,1.6745252759383331,6
externalDependence,1.3833164424682116,8
material,2.223903107128138,2
mediation,2.35070171030929,1
memberOf,2.144431839949486,3
participation,1.1314609370986886,9
none,1.1250508755201154,10
other,1.6173240587363082,7
