stereotype,total_correlation,rank
characterization,2.591863335398745,6
componentOf,1.759619044933567,13
creation,2.5307432007596624,8
derivation,2.2196835593537827,10
externalDependence,2.847029752858612,5
historicalDependence,3.0372012960588695,4
instantiation,3.7536302269405004,1
manifestation,3.662960372367685,2
material,2.582497426820172,7
mediation,2.2542959448892947,9
memberOf,2.1384662243564945,11
participation,3.2891534961420836,3
none,1.010357684717781,14
other,1.7818686524230016,12
