Percentage,Coverage
Top 10% Coverage,0.5622261174408414
Top 20% Coverage,0.7234881682734443
Top 30% Coverage,0.85056967572305
Top 40% Coverage,0.908851884312007
Top 50% Coverage,0.9458808063102542
Top 60% Coverage,0.967353198948291
Top 70% Coverage,0.9822524101665207
Top 80% Coverage,0.9925503943908852
Top 90% Coverage,0.9989044697633654
Top 100% Coverage,1.0
