stereotype,total_correlation_occurrence_wise,rank_total_correlation_occurrence_wise
characterization,2.3309278637826853,7
componentOf,1.033979213144554,11
creation,2.4429640949455362,6
derivation,1.9672835214847502,8
externalDependence,3.032840535201811,5
historicalDependence,3.0382428680764475,4
instantiation,3.743948638430325,1
manifestation,3.659506988498273,2
material,1.9329265656741184,9
mediation,1.3090926496368933,10
memberOf,0.9242003538224133,12
participation,3.567115501941764,3
