stereotype,geometric_mean_correlation,rank
characterization,1.8737767420587692,4
componentOf,0.9518935695439618,8
derivation,1.807431444976184,6
externalDependence,2.357106336687379,3
instantiation,2.7212205280165587,1
material,1.8725007062512364,5
mediation,1.345044293335351,7
memberOf,0.8989574609276156,9
participation,2.37801529009927,2
