stereotype,total_correlation,rank
characterization,1.5062839711318121,6
componentOf,0.8763245491014224,8
derivation,1.6605681858317847,4
externalDependence,1.8319295782170393,2
instantiation,1.977869323870674,1
material,1.8139638396912163,3
mediation,1.3819832779106966,7
memberOf,0.874404032864835,9
participation,1.585302387003626,5
