Percentage,Top k Stereotypes (Occurrence-wise),Coverage (Occurrence-wise),Top k Stereotypes (Group-wise),Coverage (Group-wise)
10.0,2,0.4570281124497992,2,0.3246753246753247
20.0,4,0.7871485943775101,4,0.6147186147186147
30.0,6,0.9004016064257028,6,0.7922077922077922
40.0,9,0.97429718875502,9,0.935064935064935
50.0,11,0.9911646586345382,11,0.9783549783549783
60.0,13,0.9975903614457832,13,0.9913419913419913
70.0,16,1.0,16,1.0
80.0,18,1.0,18,1.0
90.0,20,1.0,20,1.0
100.0,23,1.0,23,1.0
