stereotype,total_correlation,rank
bringsAbout,2.6287733716067523,7
characterization,2.678159259104101,6
componentOf,1.4829313222303648,13
creation,2.6217311698569303,8
derivation,1.8245551387086905,11
externalDependence,3.140938272274555,5
historicalDependence,3.411905476300456,4
instantiation,3.9135417836504356,1
manifestation,3.903043285789411,2
material,2.020858059210982,9
mediation,1.9304910946215843,10
memberOf,1.6688011477164553,12
participation,3.720301411790457,3
