stereotype,total_correlation,rank
bringsAbout,2.7740446771927116,7
characterization,2.865944689732878,6
componentOf,1.4594269873532397,13
creation,2.595007756733433,8
derivation,1.6233656621162567,11
externalDependence,3.18256131961774,5
historicalDependence,3.484960065246013,4
instantiation,4.000183279205787,2
manifestation,4.055745490463586,1
material,1.8228189025664614,10
mediation,2.035784535915303,9
memberOf,1.5184695149531509,12
participation,3.9017930895092388,3
