stereotype,geometric_mean_correlation,rank
bringsAbout,2.6853223286570596,7
characterization,2.7755819926033727,6
componentOf,1.4671901479219402,13
creation,2.5825242934105455,8
derivation,1.6969145097346403,11
externalDependence,3.144310166551986,5
historicalDependence,3.436111762571612,4
instantiation,3.940379972159032,2
manifestation,3.9629755795305592,1
material,1.904960897166531,10
mediation,1.9904424285337106,9
memberOf,1.5872112122342077,12
participation,3.8107271332332764,3
