year,num_models,ratio
2019,7,0.0958904109589041
2020,16,0.2191780821917808
2021,16,0.2191780821917808
2022,15,0.2054794520547945
2023,13,0.1780821917808219
2024,6,0.0821917808219178
