Percentage,Top k Constructs,Coverage
10.0,9,0.4457209884906445
20.0,19,0.7710768055685003
30.0,28,0.9448719376771697
40.0,38,0.9795045725989593
50.0,47,0.9910275674410041
60.0,57,0.9976085637060897
70.0,66,0.9994453322664315
80.0,76,0.9999636283453398
90.0,85,1.0
