Percentage,Top k Constructs,Coverage
10.0,9,0.4457209884906445
20.0,19,0.7710768055685003
30.0,28,0.9448719376771697
40.0,38,0.9795045725989593
50.0,47,0.9910275674410041
