stereotype,total_correlation_model_wise,rank_total_correlation_model_wise
characterization,1.414782611229005,4
componentOf,0.9080610779254048,6
derivation,1.8371674816570644,2
material,2.231897253421539,1
mediation,1.6103957509887001,3
memberOf,1.142414480412405,5
subCollectionOf,0.8106251549113537,7
