Percentage,Coverage
Top 10% Coverage,0.3675879603050931
Top 20% Coverage,0.6453702944312311
Top 30% Coverage,0.7461658328549168
Top 40% Coverage,0.8659886820306734
Top 50% Coverage,0.9192159435741819
Top 60% Coverage,0.9534158943656196
Top 70% Coverage,0.9799065037316493
Top 80% Coverage,0.9918805872221766
Top 90% Coverage,0.997457557615025
Top 100% Coverage,1.0
