stereotype,total_correlation,rank
category,2.2218992069553964,4
collective,1.812649350548989,11
datatype,1.3725114789858317,15
event,2.6265674026146644,1
kind,2.453503943337418,2
mixin,1.4104579792031795,14
mode,1.9499960952150381,8
phase,1.8944413395404172,9
quality,2.0088163722356485,7
relator,1.5741058477124428,13
role,2.03805686563257,6
roleMixin,1.8376907539745808,10
situation,2.405689229820062,3
subkind,1.6200410912238925,12
type,2.080870571069421,5
