stereotype,total_correlation_occurrence_wise,rank_total_correlation_occurrence_wise
category,2.2737139294858286,3
collective,1.8092743696319427,11
datatype,0.9905129230613505,13
event,2.026167639831723,7
kind,2.671491746184154,1
mode,2.021631504728479,8
phase,1.806665503788357,12
quality,1.8434474745549974,10
relator,2.118414918698689,4
role,2.04974181160265,5
roleMixin,1.8670670416882134,9
subkind,2.4160926017441087,2
type,2.0370247120046736,6
