Percentage,Top k Stereotypes (Occurrence-wise),Coverage (Occurrence-wise),Top k Stereotypes (Group-wise),Coverage (Group-wise)
10.0,2,0.5770334928229665,2,0.384180790960452
20.0,4,0.7703349282296651,4,0.6214689265536724
30.0,6,0.9043062200956937,6,0.8361581920903954
40.0,8,0.9856459330143541,8,0.9661016949152542
50.0,10,1.0,10,1.0
60.0,12,1.0,12,1.0
70.0,14,1.0,14,1.0
80.0,16,1.0,16,1.0
90.0,18,1.0,18,1.0
100.0,21,1.0,21,1.0
