Percentage,Top k Stereotypes (Occurrence-wise),Coverage (Occurrence-wise),Top k Stereotypes (Group-wise),Coverage (Group-wise)
10.0,2,0.5694050991501416,2,0.38202247191011235
20.0,4,0.7629839471199245,4,0.6179775280898876
30.0,6,0.9055712936732767,6,0.8314606741573034
40.0,8,0.9858356940509915,8,0.9662921348314607
50.0,10,1.0,10,1.0
60.0,12,1.0,12,1.0
70.0,14,1.0,14,1.0
80.0,16,1.0,16,1.0
90.0,18,1.0,18,1.0
100.0,21,1.0,21,1.0
