stereotype,total_correlation,rank
characterization,1.0101253464891093,6
componentOf,1.288088092547841,3
derivation,1.8748952464719784,2
material,2.166218961561731,1
mediation,1.011465167433503,5
memberOf,0.5140800868395303,9
subCollectionOf,0.9853810491052672,7
none,0.649853594041603,8
other,1.237634480391928,4
