Stereotype,characterization,componentOf,derivation,material,mediation,memberOf,subCollectionOf,none,other
characterization,1.0,0.11920539671854202,0.10621469446267115,0.30446572438448566,0.12752112443829416,0.1353364863319,0.03933075002058044,0.24947117157941182,0.12001236137840207
componentOf,0.11920539671854202,1.0,0.2518401012015032,0.2458662787450264,0.13408496275753662,0.08947533119694667,0.05456456681149997,0.079654686507267,0.2722116092336244
derivation,0.10621469446267115,0.2518401012015032,1.0,0.7531503956485948,0.3431106743162333,0.04891462661164421,0.24034582130545232,0.03282521269208922,0.12224749466810632
material,0.30446572438448566,0.2458662787450264,0.7531503956485948,1.0,0.39458851834320713,0.03472019867861767,0.2679947120104073,0.08754393659143091,0.2493609362775843
mediation,0.12752112443829416,0.13408496275753662,0.3431106743162333,0.39458851834320713,1.0,0.08970235119841011,0.09423239138719455,0.04869588166535036,0.07111042461055356
memberOf,0.1353364863319,0.08947533119694667,0.04891462661164421,0.03472019867861767,0.08970235119841011,1.0,0.02132840675777573,0.07395103984676692,0.19502868827116573
subCollectionOf,0.03933075002058044,0.05456456681149997,0.24034582130545232,0.2679947120104073,0.09423239138719455,0.02132840675777573,1.0,0.058794676924072246,0.1139740324159795
none,0.24947117157941182,0.079654686507267,0.03282521269208922,0.08754393659143091,0.04869588166535036,0.07395103984676692,0.058794676924072246,1.0,0.06402538512698369
other,0.12001236137840207,0.2722116092336244,0.12224749466810632,0.2493609362775843,0.07111042461055356,0.19502868827116573,0.1139740324159795,0.06402538512698369,1.0
