Stereotype,characterization,componentOf,derivation,material,mediation,memberOf,subCollectionOf,none,other
characterization,1.0,0.15918850769612594,-0.05430119032751429,-0.2219312779560636,-0.06938116548043582,0.08454949282784012,-0.028656912428070395,0.23067788706119713,0.1614389127118617
componentOf,0.15918850769612594,1.0,-0.18999976439777938,-0.2158470677848026,-0.06486184553828059,0.14760612084523775,0.06701312279712893,-0.13836067629981186,0.305210987188674
derivation,-0.05430119032751429,-0.18999976439777938,1.0,0.8022454744384392,0.37869408004284144,0.03546726807299017,0.2797893984308232,0.02560294260283168,-0.10879512815875932
material,-0.2219312779560636,-0.2158470677848026,0.8022454744384392,1.0,0.36622442532269334,0.030542475458958083,0.2902127991061823,0.016475345244334895,-0.22274009625025704
mediation,-0.06938116548043582,-0.06486184553828059,0.37869408004284144,0.36622442532269334,1.0,-0.009427831589600725,0.08800234000944,0.03091834276102633,0.003955136689184483
memberOf,0.08454949282784012,0.14760612084523775,0.03546726807299017,0.030542475458958083,-0.009427831589600725,1.0,-0.025978984508211393,0.011051916210089966,0.16945599732660205
subCollectionOf,-0.028656912428070395,0.06701312279712893,0.2797893984308232,0.2902127991061823,0.08800234000944,-0.025978984508211393,1.0,-0.06822787681056636,0.1374996150148446
none,0.23067788706119713,-0.13836067629981186,0.02560294260283168,0.016475345244334895,0.03091834276102633,0.011051916210089966,-0.06822787681056636,1.0,-0.128538607051745
other,0.1614389127118617,0.305210987188674,-0.10879512815875932,-0.22274009625025704,0.003955136689184483,0.16945599732660205,0.1374996150148446,-0.128538607051745,1.0
