stereotype,geometric_mean_correlation,rank
characterization,1.2535541946447557,6
componentOf,1.272531313173916,4
derivation,1.95011337101376,2
material,2.377869610261221,1
mediation,1.387341961394587,3
memberOf,0.7611717696315129,8
subCollectionOf,0.8985937183386736,7
none,0.7319002896617482,9
other,1.2582646013169791,5
