Stereotype,characterization,componentOf,derivation,material,mediation,memberOf,subCollectionOf,none,other
characterization,1.0,0.09443507923289586,-0.1735824126877212,-0.388850790540633,-0.1792320447747162,0.2587972374292471,-0.04640161686673095,0.22936930079804185,0.09443507923289586
componentOf,0.09443507923289586,1.0,-0.30151914756542236,-0.24759498567814756,-0.1829173348634131,0.05934424260562082,-0.04735570640442168,-0.060435152578066476,0.25217391304347825
derivation,-0.1735824126877212,-0.30151914756542236,1.0,0.7111590022187596,0.3277927812629611,-0.1140449604596933,0.2092637006814019,-0.014473007683388939,-0.11496773252494522
material,-0.388850790540633,-0.24759498567814756,0.7111590022187596,1.0,0.46092755662274354,-0.1146375263694541,0.25203347226782336,0.10035294460642737,-0.24759498567814756
mediation,-0.1792320447747162,-0.1829173348634131,0.3277927812629611,0.46092755662274354,1.0,-0.2151326364874732,0.11616917255955381,0.020755645057779912,-0.1829173348634131
memberOf,0.2587972374292471,0.05934424260562082,-0.1140449604596933,-0.1146375263694541,-0.2151326364874732,1.0,-0.013679711361135388,0.10265298051494731,0.24836664497907976
subCollectionOf,-0.04640161686673095,-0.04735570640442168,0.2092637006814019,0.25203347226782336,0.11616917255955381,-0.013679711361135388,1.0,-0.06394412529825129,0.09809396326630206
none,0.22936930079804185,-0.060435152578066476,-0.014473007683388939,0.10035294460642737,0.020755645057779912,0.10265298051494731,-0.06394412529825129,1.0,0.04351330985620786
other,0.09443507923289586,0.25217391304347825,-0.11496773252494522,-0.24759498567814756,-0.1829173348634131,0.24836664497907976,0.09809396326630206,0.04351330985620786,1.0
