year,bringsAbout,characterization,comparative,componentOf,creation,derivation,externalDependence,historicalDependence,instantiation,manifestation,material,mediation,memberOf,participation,participational,subCollectionOf,subQuantityOf,termination,triggers,none,other
2013,0.0,0.015439429928741092,0.0,0.12232779097387174,0.0,0.07482185273159145,0.0,0.0,0.0,0.0,0.11520190023752969,0.44536817102137766,0.060570071258907364,0.0,0.0,0.0166270783847981,0.0,0.0,0.0,0.057007125890736345,0.09263657957244656
2021,0.0,0.01694915254237288,0.0,0.0,0.0,0.06779661016949153,0.0,0.0,0.0,0.0,0.1694915254237288,0.4745762711864407,0.0,0.0,0.0,0.0,0.0,0.0,0.0,0.2542372881355932,0.01694915254237288
2022,0.0,0.0,0.0,0.0847457627118644,0.0,0.0847457627118644,0.0,0.0,0.0,0.0,0.2711864406779661,0.5423728813559322,0.0,0.0,0.0,0.0,0.0,0.0,0.0,0.01694915254237288,0.0
2023,0.0,0.2235294117647059,0.011764705882352941,0.3411764705882353,0.0,0.0,0.0,0.0,0.0,0.0,0.0,0.36470588235294116,0.011764705882352941,0.0,0.0,0.0,0.0,0.0,0.0,0.047058823529411764,0.0
