year,bringsAbout,characterization,comparative,componentOf,creation,derivation,externalDependence,historicalDependence,instantiation,manifestation,material,mediation,memberOf,participation,participational,subCollectionOf,subQuantityOf,termination,triggers,none,other
2013,0.0,0.04519774011299435,0.0,0.096045197740113,0.0,0.1016949152542373,0.0,0.0,0.0,0.0,0.14124293785310735,0.1864406779661017,0.096045197740113,0.0,0.0,0.02824858757062147,0.0,0.0,0.0,0.04519774011299435,0.10734463276836158
2021,0.0,0.005649717514124294,0.0,0.0,0.0,0.011299435028248588,0.0,0.0,0.0,0.0,0.011299435028248588,0.011299435028248588,0.0,0.0,0.0,0.0,0.0,0.0,0.0,0.011299435028248588,0.005649717514124294
2022,0.0,0.0,0.0,0.005649717514124294,0.0,0.011299435028248588,0.0,0.0,0.0,0.0,0.011299435028248588,0.011299435028248588,0.0,0.0,0.0,0.0,0.0,0.0,0.0,0.005649717514124294,0.0
2023,0.0,0.011299435028248588,0.005649717514124294,0.011299435028248588,0.0,0.0,0.0,0.0,0.0,0.0,0.0,0.011299435028248588,0.005649717514124294,0.0,0.0,0.0,0.0,0.0,0.0,0.005649717514124294,0.0
