Percentage,Coverage
Top 10% Coverage,0.291044776119403
Top 20% Coverage,0.5093283582089553
Top 30% Coverage,0.6623134328358209
Top 40% Coverage,0.8451492537313433
Top 50% Coverage,0.9132462686567164
Top 60% Coverage,0.9430970149253731
Top 70% Coverage,0.9785447761194029
Top 80% Coverage,0.9944029850746269
Top 90% Coverage,1.0
Top 100% Coverage,1.0
