Percentage,Coverage
Top 10% Coverage,0.5354767184035477
Top 20% Coverage,0.7217294900221729
Top 30% Coverage,0.8155949741315595
Top 40% Coverage,0.8821138211382114
Top 50% Coverage,0.9257206208425721
Top 60% Coverage,0.9549150036954915
Top 70% Coverage,0.9774575018477457
Top 80% Coverage,0.9907612712490761
Top 90% Coverage,0.9988913525498891
Top 100% Coverage,1.0
