Stereotype,characterization,componentOf,derivation,material,mediation,memberOf,none,other
characterization,1.0,0.33467721275154166,0.23125920649371381,0.060197239210566356,0.6387270981999593,0.3813099553087889,0.147046997821856,0.45944879554033613
componentOf,0.33467721275154166,1.0,0.3796654841648225,0.3466700874701451,0.3179867667545542,0.5078123428594167,0.22733900071414317,0.19919467795837495
derivation,0.23125920649371381,0.3796654841648225,1.0,0.6446654327004722,0.46227218137021814,0.34593328858000116,0.10075325478852443,0.5764623904304406
material,0.060197239210566356,0.3466700874701451,0.6446654327004722,1.0,0.3263489617129555,0.23601051508463702,0.0,0.36837002466205065
mediation,0.6387270981999593,0.3179867667545542,0.46227218137021814,0.3263489617129555,1.0,0.42126798927953735,0.18333848554297133,0.4438113630121922
memberOf,0.3813099553087889,0.5078123428594167,0.34593328858000116,0.23601051508463702,0.42126798927953735,1.0,0.3220250896012815,0.3747835018822919
none,0.147046997821856,0.22733900071414317,0.10075325478852443,0.0,0.18333848554297133,0.3220250896012815,1.0,0.20035644471148462
other,0.45944879554033613,0.19919467795837495,0.5764623904304406,0.36837002466205065,0.4438113630121922,0.3747835018822919,0.20035644471148462,1.0
