Stereotype,characterization,componentOf,derivation,material,mediation,memberOf,none,other
characterization,1.0,0.39048771140471733,0.22333199180194732,0.08399670268769038,0.665989312103316,0.39286990279877526,-0.07334591952981218,0.5302692097816649
componentOf,0.39048771140471733,1.0,0.4319196668576882,0.3867669887441342,0.4439251093687929,0.5734664989925191,-0.21085281643212103,0.29900586528864
derivation,0.22333199180194732,0.4319196668576882,1.0,0.696869360855048,0.5169575173799451,0.33512761558269133,-0.1297824113926267,0.5789296304252848
material,0.08399670268769038,0.3867669887441342,0.696869360855048,1.0,0.4136191264939108,0.2573879693035649,0.18368762464316576,0.43342746483672684
mediation,0.665989312103316,0.4439251093687929,0.5169575173799451,0.4136191264939108,1.0,0.47005812184587636,-0.30184151644917884,0.5852954706673059
memberOf,0.39286990279877526,0.5734664989925191,0.33512761558269133,0.2573879693035649,0.47005812184587636,1.0,-0.2927922252669631,0.42217795757027227
none,-0.07334591952981218,-0.21085281643212103,-0.1297824113926267,0.18368762464316576,-0.30184151644917884,-0.2927922252669631,1.0,-0.1639820586652343
other,0.5302692097816649,0.29900586528864,0.5789296304252848,0.43342746483672684,0.5852954706673059,0.42217795757027227,-0.1639820586652343,1.0
