stereotype,geometric_mean_correlation,rank
characterization,2.347085532376529,6
componentOf,2.510325596905843,5
derivation,2.9797218735090034,1
material,2.2475849870833766,7
mediation,2.9651878379016723,2
memberOf,2.887607811545677,3
none,1.4202697809270888,8
other,2.8206189929620415,4
