stereotype,total_correlation,rank
characterization,2.3054840732251747,6
componentOf,2.4556260585612804,5
derivation,2.945647981625198,1
material,2.155978963232741,7
mediation,2.9067721666420567,2
memberOf,2.846788014019069,3
none,1.476740492948673,8
other,2.769198869416279,4
