Stereotype,characterization,componentOf,derivation,material,mediation,memberOf,none,other
characterization,1.0,0.3450862023474598,0.24095724442478184,0.07830535751870923,0.6457895968397387,0.389672239576687,0.11836713723320545,0.46747270145769215
componentOf,0.3450862023474598,1.0,0.3865264849829253,0.35956039782783245,0.33270660662338447,0.5138713216034617,0.21648961902043,0.21330938222198167
derivation,0.24095724442478184,0.3865264849829253,1.0,0.6479556548417859,0.4692070559346614,0.3530382664702811,0.09873664704489485,0.5817925000995113
material,0.07830535751870923,0.35956039782783245,0.6479556548417859,1.0,0.34331543976258505,0.24822848293110322,0.044821705700965456,0.3806320609730638
mediation,0.6457895968397387,0.33270660662338447,0.4692070559346614,0.34331543976258505,1.0,0.4305326786135315,0.1819327427727823,0.45513438010223134
memberOf,0.389672239576687,0.5138713216034617,0.3530382664702811,0.24822848293110322,0.4305326786135315,1.0,0.31161392965294893,0.38303652882934003
none,0.11836713723320545,0.21648961902043,0.09873664704489485,0.044821705700965456,0.1819327427727823,0.31161392965294893,1.0,0.19091741266531542
other,0.46747270145769215,0.21330938222198167,0.5817925000995113,0.3806320609730638,0.45513438010223134,0.38303652882934003,0.19091741266531542,1.0
