Stereotype,characterization,componentOf,derivation,material,mediation,memberOf,subCollectionOf,none,other
characterization,1.0,0.3049634689455515,0.2599734734478726,0.07299963950884314,0.6262025468086422,0.3865006029094686,0.08017837257372731,0.19102329436458523,0.4121127958723669
componentOf,0.3049634689455515,1.0,0.345903960984675,0.334267617062936,0.24935216268401741,0.46046933104270676,0.23350056858164248,-0.22227711223719354,0.15217391304347827
derivation,0.2599734734478726,0.345903960984675,1.0,0.6024752331287779,0.4258672210719905,0.37190613902597885,0.38214458357880815,-0.07511746287542015,0.5846695269740967
material,0.07299963950884314,0.334267617062936,0.6024752331287779,1.0,0.2849614140875866,0.2393949488198693,0.1777575437524446,-0.010936965981495178,0.334267617062936
mediation,0.6262025468086422,0.24935216268401741,0.4258672210719905,0.2849614140875866,1.0,0.3943307832364571,0.14345114601325779,-0.10965861582662816,0.35391919864828275
memberOf,0.3865006029094686,0.46046933104270676,0.37190613902597885,0.2393949488198693,0.3943307832364571,1.0,0.50709255283711,-0.33164555877539403,0.34752402342845795
subCollectionOf,0.08017837257372731,0.23350056858164248,0.38214458357880815,0.1777575437524446,0.14345114601325779,0.50709255283711,1.0,-0.32433748657040123,0.23350056858164248
none,0.19102329436458523,-0.22227711223719354,-0.07511746287542015,-0.010936965981495178,-0.10965861582662816,-0.33164555877539403,-0.32433748657040123,1.0,-0.22227711223719354
other,0.4121127958723669,0.15217391304347827,0.5846695269740967,0.334267617062936,0.35391919864828275,0.34752402342845795,0.23350056858164248,-0.22227711223719354,1.0
