stereotype,total_correlation,rank
characterization,2.271421176943881,5
componentOf,2.214383129347373,6
derivation,2.997062954684947,1
material,1.9536366979237538,8
mediation,2.4892753324488406,4
memberOf,2.975665062696603,2
subCollectionOf,2.044448396766656,7
none,1.4498366633564164,9
other,2.558039597124686,3
