Percentage,Coverage
Top 10% Coverage,0.3455411096868705
Top 20% Coverage,0.5795641823841787
Top 30% Coverage,0.6951107855704084
Top 40% Coverage,0.8280534700604285
Top 50% Coverage,0.8888481963010437
Top 60% Coverage,0.9296832082036257
Top 70% Coverage,0.9730818531404505
Top 80% Coverage,0.9869987181834828
Top 90% Coverage,0.9948727339315143
Top 100% Coverage,1.0
