stereotype,total_correlation,rank
characterization,2.427871164880863,5
componentOf,1.4785509321094057,10
derivation,1.9295376092705723,8
externalDependence,2.8009063398840977,4
historicalDependence,2.90470993411266,3
instantiation,3.341114783379897,1
material,2.132328770804967,7
mediation,2.233689126283261,6
memberOf,1.8939797866482921,9
participation,2.9771284517371903,2
none,1.2833372509132408,12
other,1.4490031500335787,11
