stereotype,total_correlation,rank
bringsAbout,2.8090408477613766,6
characterization,2.496055781868019,7
componentOf,2.0560367518306744,11
creation,2.472302673267475,8
derivation,2.0736484311433894,10
externalDependence,2.842765045818157,5
historicalDependence,3.287319503162797,4
instantiation,3.9241353646675448,2
manifestation,4.015406925450935,1
material,2.254163397286452,9
mediation,2.0293299192076555,12
memberOf,1.9263148480424437,13
participation,3.6570421776747435,3
