stereotype,total_correlation,rank
characterization,2.1707437762127473,10
componentOf,2.0284680006846907,11
creation,2.43056987974484,6
derivation,2.2049371628841645,8
externalDependence,2.762088369625663,5
historicalDependence,3.0357154824480928,4
instantiation,3.8710404481327636,2
manifestation,3.968422889373967,1
material,2.3614288813260447,7
mediation,1.9694980472482233,12
memberOf,2.187300025197317,9
participation,3.289979335521493,3
none,1.631014191518712,13
other,1.4639950007973317,14
