stereotype,total_correlation,rank
characterization,2.4039291180796627,8
componentOf,2.1231863013596417,12
creation,2.582929858843845,6
derivation,2.387709008186567,9
externalDependence,2.920885170658866,5
historicalDependence,3.2421651899622757,4
instantiation,4.100024282623394,2
manifestation,4.203663506021785,1
material,2.53116607745277,7
mediation,2.216503405941128,11
memberOf,2.252908457290375,10
participation,3.6316770455303007,3
none,1.526291321789952,14
other,1.7446468228044771,13
