year,bringsAbout,characterization,comparative,componentOf,creation,derivation,externalDependence,historicalDependence,instantiation,manifestation,material,mediation,memberOf,participation,participational,subCollectionOf,subQuantityOf,termination,triggers,none,other
2019,0.0,0.06440677966101695,0.0,0.04067796610169491,0.0,0.020338983050847456,0.0,0.006779661016949152,0.01694915254237288,0.003389830508474576,0.03728813559322034,0.19322033898305085,0.02711864406779661,0.02711864406779661,0.0,0.0,0.0,0.0,0.0,0.29491525423728815,0.2677966101694915
2020,0.0,0.06776180698151951,0.0,0.024640657084188913,0.008213552361396304,0.018480492813141684,0.02053388090349076,0.0,0.008213552361396304,0.006160164271047228,0.012320328542094456,0.08008213552361396,0.0,0.022587268993839837,0.0,0.0,0.0,0.0,0.004106776180698152,0.702258726899384,0.024640657084188913
2021,0.009819967266775777,0.10310965630114566,0.0016366612111292963,0.07692307692307693,0.011456628477905073,0.006546644844517185,0.024549918166939442,0.016366612111292964,0.019639934533551555,0.014729950900163666,0.1734860883797054,0.11129296235679215,0.016366612111292964,0.04582651391162029,0.0016366612111292963,0.0,0.0,0.0,0.004909983633387889,0.3502454991816694,0.011456628477905073
2022,0.01338432122370937,0.08795411089866156,0.0,0.021032504780114723,0.02676864244741874,0.04397705544933078,0.032504780114722756,0.022944550669216062,0.05927342256214149,0.009560229445506692,0.07839388145315487,0.19120458891013384,0.0057361376673040155,0.055449330783938815,0.0019120458891013384,0.0,0.0,0.0019120458891013384,0.0076481835564053535,0.3365200764818356,0.0038240917782026767
2023,0.011494252873563218,0.08735632183908046,0.01839080459770115,0.05517241379310345,0.01839080459770115,0.022988505747126436,0.0367816091954023,0.0,0.011494252873563218,0.004597701149425287,0.06206896551724138,0.15632183908045977,0.03218390804597701,0.016091954022988506,0.0,0.0,0.0,0.004597701149425287,0.004597701149425287,0.42758620689655175,0.029885057471264367
2024,0.01838235294117647,0.22426470588235295,0.014705882352941176,0.04044117647058824,0.003676470588235294,0.01838235294117647,0.01838235294117647,0.022058823529411766,0.014705882352941176,0.04044117647058824,0.125,0.16544117647058823,0.003676470588235294,0.0661764705882353,0.0,0.0,0.0,0.0,0.007352941176470588,0.1801470588235294,0.03676470588235294
