stereotype,total_correlation,rank
characterization,2.219831928218022,2
componentOf,1.3293869028559953,9
derivation,2.1991373720176455,3
material,1.8738487406623205,6
mediation,2.3520107852199272,1
memberOf,1.4595579190850003,8
participation,1.7786919828944523,7
none,2.1394731677671035,4
other,2.129533506501345,5
