stereotype,total_correlation,rank
characterization,2.3011259894064096,4
componentOf,1.4633397335947618,9
derivation,1.8687927235194102,7
externalDependence,2.591992260063548,2
instantiation,2.9758947826668103,1
material,2.101410212330978,6
mediation,2.1150659717228235,5
memberOf,1.852930432294844,8
participation,2.581602813837293,3
none,1.2342730644987836,11
other,1.4204806531319696,10
