Percentage,Top k Stereotypes (Occurrence-wise),Coverage (Occurrence-wise),Top k Stereotypes (Group-wise),Coverage (Group-wise)
10.0,4,0.7471264367816092,4,0.4444444444444444
20.0,8,0.9770114942528736,8,0.8888888888888888
30.0,13,1.0,13,1.0
40.0,17,1.0,17,1.0
50.0,22,1.0,22,1.0
60.0,26,1.0,26,1.0
70.0,30,1.0,30,1.0
80.0,35,1.0,35,1.0
90.0,39,1.0,39,1.0
100.0,44,1.0,44,1.0
