Percentage,Coverage
Top 10% Coverage,0.6987704918032787
Top 20% Coverage,0.8329918032786885
Top 30% Coverage,0.9221311475409836
Top 40% Coverage,0.9590163934426229
Top 50% Coverage,0.9774590163934426
Top 60% Coverage,0.9897540983606558
Top 70% Coverage,0.9959016393442623
Top 80% Coverage,1.0
Top 90% Coverage,1.0
Top 100% Coverage,1.0
