Stereotype,characterization,componentOf,derivation,material,mediation,memberOf,none,other
characterization,1.0,0.1391304347826087,0.20204270845206798,-0.12676842711697725,0.589890680120269,0.20204270845206798,0.09473729613780998,0.37300192329612547
componentOf,0.1391304347826087,1.0,0.20204270845206798,0.14312564351916787,0.0601929265428846,0.20204270845206798,-0.2730663241619229,-0.046625240412015684
derivation,0.20204270845206798,0.20204270845206798,1.0,0.5847053462046862,0.35860956909327935,0.18518518518518517,-0.019920476822239894,0.5
material,-0.12676842711697725,0.14312564351916787,0.5847053462046862,1.0,0.1358732440973515,-0.05847053462046861,-0.005241424183609591,0.2192645048267573
mediation,0.589890680120269,0.0601929265428846,0.35860956909327935,0.1358732440973515,1.0,0.20082135869223644,-0.12344267996967352,0.2581988897471611
memberOf,0.20204270845206798,0.20204270845206798,0.18518518518518517,-0.05847053462046861,0.20082135869223644,1.0,-0.45817096691151754,0.16666666666666666
none,0.09473729613780998,-0.2730663241619229,-0.019920476822239894,-0.005241424183609591,-0.12344267996967352,-0.45817096691151754,1.0,-0.23904572186687875
other,0.37300192329612547,-0.046625240412015684,0.5,0.2192645048267573,0.2581988897471611,0.16666666666666666,-0.23904572186687875,1.0
