stereotype,total_correlation,rank
characterization,2.2986900537693167,2
componentOf,1.3449570753663491,9
derivation,2.2333433069619035,4
material,1.8458279004762161,6
mediation,2.401244879147805,1
memberOf,1.526589441230712,8
participation,1.7851628081404023,7
none,2.288994140733292,3
other,2.1462736742657182,5
