stereotype,total_correlation,rank
characterization,1.1151554972255555,4
componentOf,0.9638790634251002,5
derivation,1.7125591089516532,2
material,1.9771859761727302,1
mediation,1.3587245820323077,3
memberOf,0.4902640775255609,7
subCollectionOf,0.8309854018352867,6
