Percentage,Top k Stereotypes (Occurrence-wise),Coverage (Occurrence-wise),Top k Stereotypes (Group-wise),Coverage (Group-wise)
10.0,4,0.6398601398601399,4,0.34146341463414637
20.0,8,0.7972027972027972,8,0.5853658536585366
30.0,13,0.9230769230769231,13,0.7804878048780488
40.0,17,0.9755244755244755,17,0.8780487804878049
50.0,22,1.0,22,1.0
60.0,26,1.0,26,1.0
70.0,30,1.0,30,1.0
80.0,35,1.0,35,1.0
90.0,39,1.0,39,1.0
100.0,44,1.0,44,1.0
